年月日,基準価額(円),純資産総額（百万円）,分配金,決算期
2016年04月21日,10000,0,,
2016年04月22日,10000,0,,
2016年04月25日,10136,0,,
2016年04月26日,10071,0,,
2016年04月27日,10080,0,,
2016年04月28日,10089,0,,
2016年05月02日,9885,0,,
2016年05月06日,9780,0,,
2016年05月09日,9752,0,,
2016年05月10日,9921,0,,
2016年05月11日,9929,3,,
2016年05月12日,9925,3,,
2016年05月13日,9925,5,,
2016年05月16日,9916,7,,
2016年05月17日,9915,7,,
2016年05月18日,9936,7,,
2016年05月19日,9935,7,,
2016年05月20日,9858,7,,
2016年05月23日,10021,8,,
2016年05月24日,9921,8,,
2016年05月25日,10013,9,,
2016年05月26日,10164,9,,
2016年05月27日,10108,9,,
2016年05月30日,10135,9,,
2016年05月31日,10135,9,,
2016年06月01日,10314,9,,
2016年06月02日,10071,9,,
2016年06月03日,10029,10,,
2016年06月06日,9959,10,,
2016年06月07日,10015,10,,
2016年06月08日,10099,10,,
2016年06月09日,10080,11,,
2016年06月10日,10001,11,,
2016年06月13日,9895,11,,
2016年06月14日,9780,11,,
2016年06月15日,9648,11,,
2016年06月16日,9666,11,,
2016年06月17日,9332,10,,
2016年06月20日,9479,10,,
2016年06月21日,9663,11,,
2016年06月22日,9645,11,,
2016年06月23日,9684,13,,
2016年06月24日,9684,13,,
2016年06月27日,9293,12,,
2016年06月28日,8952,12,,
2016年06月29日,9141,12,,
2016年06月30日,9297,13,,
2016年07月01日,9379,13,,
2016年07月04日,9483,14,,
2016年07月05日,9483,14,,
2016年07月06日,9306,14,,
2016年07月07日,9148,14,,
2016年07月08日,9295,14,,
2016年07月11日,9303,14,,
2016年07月12日,9586,15,,
2016年07月13日,9862,16,,
2016年07月14日,9834,16,,
2016年07月15日,10022,15,,
2016年07月19日,9993,16,,
2016年07月20日,10084,16,,
2016年07月21日,10130,16,,
2016年07月22日,10139,16,,
2016年07月25日,10062,16,,
2016年07月26日,10071,16,,
2016年07月27日,9977,16,,
2016年07月28日,10108,16,,
2016年07月29日,10023,16,,
2016年08月01日,9843,16,,
2016年08月02日,9833,16,,
2016年08月03日,9717,16,,
2016年08月04日,9641,16,,
2016年08月05日,9660,16,,
2016年08月08日,9771,16,,
2016年08月09日,9846,17,,
2016年08月10日,9836,16,,
2016年08月12日,9788,16,,
2016年08月15日,9778,16,,
2016年08月16日,9777,16,,
2016年08月17日,9720,16,,
2016年08月18日,9684,17,,
2016年08月19日,9712,21,,
2016年08月22日,9651,21,0.00,1
2016年08月23日,9716,21,,
2016年08月24日,9735,21,,
2016年08月25日,9734,21,,
2016年08月26日,9678,21,,
2016年08月29日,9686,21,,
2016年08月30日,9844,22,,
2016年08月31日,9917,23,,
2016年09月01日,9935,23,,
2016年09月02日,9999,23,,
2016年09月05日,10045,23,,
2016年09月06日,10045,23,,
2016年09月07日,10035,23,,
2016年09月08日,9922,23,,
2016年09月09日,9912,23,,
2016年09月12日,9939,23,,
2016年09月13日,9703,22,,
2016年09月14日,9731,22,,
2016年09月15日,9758,23,,
2016年09月16日,9740,24,,
2016年09月20日,9756,24,,
2016年09月21日,9756,24,,
2016年09月23日,9840,25,,
2016年09月26日,9812,25,,
2016年09月27日,9648,25,,
2016年09月28日,9675,25,,
2016年09月29日,9740,25,,
2016年09月30日,9871,26,,
2016年10月03日,9748,25,,
2016年10月04日,9814,25,,
2016年10月05日,9955,26,,
2016年10月06日,10000,26,,
2016年10月07日,10027,27,,
2016年10月11日,10008,27,,
2016年10月12日,9941,26,,
2016年10月13日,9884,26,,
2016年10月14日,9727,26,,
2016年10月17日,9940,27,,
2016年10月18日,9822,27,,
2016年10月19日,9921,28,,
2016年10月20日,9875,27,,
2016年10月21日,9953,30,,
2016年10月24日,9892,30,,
2016年10月25日,10001,31,,
2016年10月26日,10047,31,,
2016年10月27日,9946,32,,
2016年10月28日,10018,33,,
2016年10月31日,9961,32,,
2016年11月01日,9932,32,,
2016年11月02日,9932,32,,
2016年11月04日,9630,32,,
2016年11月07日,9564,31,,
2016年11月08日,9788,32,,
2016年11月09日,9871,33,,
2016年11月10日,9852,33,,
2016年11月11日,10133,34,,
2016年11月14日,9944,34,,
2016年11月15日,10066,34,,
2016年11月16日,10140,35,,
2016年11月17日,10166,36,,
2016年11月18日,10239,36,,
2016年11月21日,10321,37,,
2016年11月22日,10430,38,,
2016年11月24日,10521,38,,
2016年11月25日,10521,38,,
2016年11月28日,10641,39,,
2016年11月29日,10585,39,,
2016年11月30日,10584,38,,
2016年12月01日,10696,39,,
2016年12月02日,10724,40,,
2016年12月05日,10565,39,,
2016年12月06日,10724,39,,
2016年12月07日,10696,39,,
2016年12月08日,10733,39,,
2016年12月09日,10832,40,,
2016年12月12日,10960,48,,
2016年12月13日,11013,50,,
2016年12月14日,11031,50,,
2016年12月15日,11021,50,,
2016年12月16日,11213,52,,
2016年12月19日,11221,54,,
2016年12月20日,11104,54,,
2016年12月21日,11186,54,,
2016年12月22日,11120,54,,
2016年12月26日,11072,55,,
2016年12月27日,11071,55,,
2016年12月28日,11145,55,,
2016年12月29日,11125,56,,
2016年12月30日,11032,55,,
2017年01月04日,11181,56,,
2017年01月05日,11135,56,,
2017年01月06日,11097,56,,
2017年01月10日,11179,56,,
2017年01月11日,11123,56,,
2017年01月12日,11233,57,,
2017年01月13日,11058,57,,
2017年01月16日,11185,58,,
2017年01月17日,11185,58,,
2017年01月18日,10947,57,,
2017年01月19日,11018,59,,
2017年01月20日,11221,61,,
2017年01月23日,11193,62,,
2017年01月24日,11055,61,,
2017年01月25日,11046,62,,
2017年01月26日,11209,63,,
2017年01月27日,11300,65,,
2017年01月30日,11361,66,,
2017年01月31日,11187,66,,
2017年02月01日,11024,66,,
2017年02月02日,11170,67,,
2017年02月03日,11042,67,,
2017年02月06日,11095,68,,
2017年02月07日,11049,68,,
2017年02月08日,11048,68,,
2017年02月09日,10963,68,,
2017年02月10日,11112,69,,
2017年02月13日,11221,70,,
2017年02月14日,11342,71,,
2017年02月15日,11304,70,,
2017年02月16日,11411,74,,
2017年02月17日,11366,74,,
2017年02月20日,11282,74,,
2017年02月21日,11281,78,,
2017年02月22日,11404,79,,
2017年02月23日,11358,81,,
2017年02月24日,11367,82,,
2017年02月27日,11265,82,,
2017年02月28日,11264,82,,
2017年03月01日,11255,83,,
2017年03月02日,11499,86,,
2017年03月03日,11569,91,,
2017年03月06日,11515,93,,
2017年03月07日,11442,93,,
2017年03月08日,11451,97,,
2017年03月09日,11508,105,,
2017年03月10日,11525,108,,
2017年03月13日,11613,108,,
2017年03月14日,11603,108,,
2017年03月15日,11584,109,,
2017年03月16日,11620,111,,
2017年03月17日,11602,111,,
2017年03月21日,11582,113,,
2017年03月22日,11482,112,,
2017年03月23日,11278,110,,
2017年03月24日,11315,111,,
2017年03月27日,11350,110,,
2017年03月28日,11220,109,,
2017年03月29日,11284,109,,
2017年03月30日,11400,114,,
2017年03月31日,11435,117,,
2017年04月03日,11434,126,,
2017年04月04日,11433,128,,
2017年04月05日,11323,126,,
2017年04月06日,11461,129,,
2017年04月07日,11341,129,,
2017年04月10日,11294,129,,
2017年04月11日,11394,131,,
2017年04月12日,11255,126,,
2017年04月13日,11217,126,,
2017年04月14日,11171,127,,
2017年04月17日,11170,130,,
2017年04月18日,11169,130,,
2017年04月19日,11142,130,,
2017年04月20日,11169,129,,
2017年04月21日,11159,128,,
2017年04月24日,11204,128,,
2017年04月25日,11462,132,,
2017年04月26日,11581,135,,
2017年04月27日,11678,140,,
2017年04月28日,11704,140,,
2017年05月01日,11740,138,,
2017年05月02日,11739,133,,
2017年05月08日,11970,135,,
2017年05月09日,12015,139,,
2017年05月10日,12166,143,,
2017年05月11日,12147,142,,
2017年05月12日,12092,144,,
2017年05月15日,12099,145,,
2017年05月16日,12191,148,,
2017年05月17日,12245,149,,
2017年05月18日,11943,146,,
2017年05月19日,11787,145,,
2017年05月22日,11972,153,,
2017年05月23日,11998,154,,
2017年05月24日,11998,155,,
2017年05月25日,12096,159,,
2017年05月26日,12096,160,,
2017年05月29日,12112,161,,
2017年05月30日,12112,167,,
2017年05月31日,12093,167,,
2017年06月01日,12020,167,,
2017年06月02日,12163,173,,
2017年06月05日,12134,172,,
2017年06月06日,12133,178,,
2017年06月07日,12052,177,,
2017年06月08日,12068,197,,
2017年06月09日,12092,198,,
2017年06月12日,12180,203,,
2017年06月13日,11865,199,,
2017年06月14日,12011,198,,
2017年06月15日,11982,199,,
2017年06月16日,11928,205,,
2017年06月19日,12061,205,,
2017年06月20日,12218,208,,
2017年06月21日,12253,214,,
2017年06月22日,12225,214,,
2017年06月23日,12207,215,,
2017年06月26日,12205,220,,
2017年06月27日,12357,222,,
2017年06月28日,12320,226,,
2017年06月29日,12267,229,,
2017年06月30日,12320,232,,
2017年07月03日,12228,233,,
2017年07月04日,12327,236,,
2017年07月05日,12327,235,,
2017年07月06日,12290,235,,
2017年07月07日,12226,236,,
2017年07月10日,12341,241,,
2017年07月11日,12412,247,,
2017年07月12日,12475,247,,
2017年07月13日,12484,247,,
2017年07月14日,12557,250,,
2017年07月18日,12528,259,,
2017年07月19日,12483,258,,
2017年07月20日,12555,263,,
2017年07月21日,12654,266,,
2017年07月24日,12516,264,,
2017年07月25日,12497,270,,
2017年07月26日,12585,279,,
2017年07月27日,12646,280,,
2017年07月28日,12609,283,,
2017年07月31日,12449,288,,
2017年08月01日,12431,292,,
2017年08月02日,12375,289,,
2017年08月03日,12430,291,,
2017年08月04日,12393,292,,
2017年08月07日,12455,295,,
2017年08月08日,12500,298,,
2017年08月09日,12481,296,,
2017年08月10日,12317,297,,
2017年08月14日,12060,291,,
2017年08月15日,12217,295,,
2017年08月16日,12216,292,,
2017年08月17日,12409,297,,
2017年08月18日,12302,305,,
2017年08月21日,12017,299,0.00,2
2017年08月22日,12044,302,,
2017年08月23日,12190,305,,
2017年08月24日,12202,312,,
2017年08月25日,12210,315,,
2017年08月28日,12305,329,,
2017年08月29日,12234,331,,
2017年08月30日,12126,331,,
2017年08月31日,12372,338,,
2017年09月01日,12462,346,,
2017年09月04日,12532,354,,
2017年09月05日,12531,353,,
2017年09月06日,12377,349,,
2017年09月07日,12321,346,,
2017年09月08日,12339,352,,
2017年09月11日,12248,356,,
2017年09月12日,12419,362,,
2017年09月13日,12591,369,,
2017年09月14日,12637,371,,
2017年09月15日,12627,372,,
2017年09月19日,12774,395,,
2017年09月20日,12765,396,,
2017年09月21日,12810,399,,
2017年09月22日,12828,405,,
2017年09月25日,12790,408,,
2017年09月26日,12753,408,,
2017年09月27日,12699,419,,
2017年09月28日,12794,436,,
2017年09月29日,12758,438,,
2017年10月02日,12838,445,,
2017年10月03日,12918,452,,
2017年10月04日,12954,453,,
2017年10月05日,12963,456,,
2017年10月06日,12980,458,,
2017年10月10日,13024,461,,
2017年10月11日,13023,463,,
2017年10月12日,13060,458,,
2017年10月13日,13122,469,,
2017年10月16日,13103,469,,
2017年10月17日,13148,471,,
2017年10月18日,13121,480,,
2017年10月19日,13201,486,,
2017年10月20日,13145,485,,
2017年10月23日,13261,495,,
2017年10月24日,13206,491,,
2017年10月25日,13287,496,,
2017年10月26日,13250,496,,
2017年10月27日,13296,500,,
2017年10月30日,13376,508,,
2017年10月31日,13329,507,,
2017年11月01日,13439,509,,
2017年11月02日,13439,509,,
2017年11月06日,13510,512,,
2017年11月07日,13509,520,,
2017年11月08日,13500,519,,
2017年11月09日,13490,524,,
2017年11月10日,13363,523,,
2017年11月13日,13352,525,,
2017年11月14日,13360,528,,
2017年11月15日,13333,523,,
2017年11月16日,13213,519,,
2017年11月17日,13355,536,,
2017年11月20日,13265,539,,
2017年11月21日,13329,541,,
2017年11月22日,13429,545,,
2017年11月24日,13293,550,,
2017年11月27日,13407,556,,
2017年11月28日,13297,551,,
2017年11月29日,13360,560,,
2017年11月30日,13298,578,,
2017年12月01日,13359,585,,
2017年12月04日,13267,588,,
2017年12月05日,13267,591,,
2017年12月06日,13239,591,,
2017年12月07日,13165,593,,
2017年12月08日,13310,602,,
2017年12月11日,13417,607,,
2017年12月12日,13462,622,,
2017年12月13日,13425,621,,
2017年12月14日,13334,626,,
2017年12月15日,13236,630,,
2017年12月18日,13314,645,,
2017年12月19日,13394,649,,
2017年12月20日,13421,654,,
2017年12月21日,13448,658,,
2017年12月22日,13466,661,,
2017年12月25日,13464,673,,
2017年12月26日,13464,671,,
2017年12月27日,13463,671,,
2017年12月28日,13490,672,,
2017年12月29日,13480,678,,
2018年01月04日,13639,691,,
2018年01月05日,13774,698,,
2018年01月09日,13910,708,,
2018年01月10日,13882,705,,
2018年01月11日,13689,690,,
2018年01月12日,13725,695,,
2018年01月15日,13814,699,,
2018年01月16日,13813,701,,
2018年01月17日,13758,699,,
2018年01月18日,13931,713,,
2018年01月19日,13949,716,,
2018年01月22日,14001,729,,
2018年01月23日,14142,743,,
2018年01月24日,14160,748,,
2018年01月25日,13997,745,,
2018年01月26日,13978,749,,
2018年01月29日,14013,751,,
2018年01月30日,13966,754,,
2018年01月31日,13829,745,,
2018年02月01日,13902,749,,
2018年02月02日,13919,751,,
2018年02月05日,13762,745,,
2018年02月06日,13297,721,,
2018年02月07日,13332,728,,
2018年02月08日,13305,753,,
2018年02月09日,12886,770,,
2018年02月13日,13059,813,,
2018年02月14日,13016,843,,
2018年02月15日,13121,855,,
2018年02月16日,13191,873,,
2018年02月19日,13207,903,,
2018年02月20日,13206,911,,
2018年02月21日,13276,916,,
2018年02月22日,13329,947,,
2018年02月23日,13196,946,,
2018年02月26日,13376,962,,
2018年02月27日,13493,973,,
2018年02月28日,13447,972,,
2018年03月01日,13238,963,,
2018年03月02日,13048,954,,
2018年03月05日,12964,950,,
2018年03月06日,13116,972,,
2018年03月07日,13224,987,,
2018年03月08日,13223,995,,
2018年03月09日,13304,1004,,
2018年03月12日,13557,1025,,
2018年03月13日,13556,1027,,
2018年03月14日,13510,1024,,
2018年03月15日,13445,1020,,
2018年03月16日,13427,1022,,
2018年03月19日,13363,1037,,
2018年03月20日,13200,1025,,
2018年03月22日,13236,1037,,
2018年03月23日,12928,1014,,
2018年03月26日,12628,997,,
2018年03月27日,12907,1024,,
2018年03月28日,12779,1017,,
2018年03月29日,12815,1026,,
2018年03月30日,12896,1037,,
2018年04月02日,12895,1039,,
2018年04月03日,12894,1039,,
2018年04月04日,12812,1032,,
2018年04月05日,12875,1045,,
2018年04月06日,13099,1069,,
2018年04月09日,12844,1052,,
2018年04月10日,12871,1056,,
2018年04月11日,13125,1080,,
2018年04月12日,13052,1078,,
2018年04月13日,13169,1093,,
2018年04月16日,13168,1105,,
2018年04月17日,13185,1105,,
2018年04月18日,13303,1119,,
2018年04月19日,13383,1130,,
2018年04月20日,13337,1130,,
2018年04月23日,13254,1125,,
2018年04月24日,13334,1141,,
2018年04月25日,13208,1137,,
2018年04月26日,13226,1140,,
2018年04月27日,13369,1162,,
2018年05月01日,13385,1171,,
2018年05月02日,13384,1174,,
2018年05月07日,13382,1174,,
2018年05月08日,13435,1196,,
2018年05月09日,13452,1207,,
2018年05月10日,13615,1226,,
2018年05月11日,13614,1237,,
2018年05月14日,13711,1246,,
2018年05月15日,13755,1282,,
2018年05月16日,13728,1289,,
2018年05月17日,13773,1298,,
2018年05月18日,13817,1312,,
2018年05月21日,13762,1318,,
2018年05月22日,13761,1346,,
2018年05月23日,13858,1356,,
2018年05月24日,13749,1362,,
2018年05月25日,13632,1362,,
2018年05月28日,13640,1373,,
2018年05月29日,13639,1381,,
2018年05月30日,13369,1354,,
2018年05月31日,13503,1394,,
2018年06月01日,13467,1415,,
2018年06月04日,13705,1449,,
2018年06月05日,13840,1468,,
2018年06月06日,13866,1486,,
2018年06月07日,14027,1507,,
2018年06月08日,13911,1521,,
2018年06月11日,13865,1526,,
2018年06月12日,13980,1550,,
2018年06月13日,14043,1575,,
2018年06月14日,14033,1583,,
2018年06月15日,14078,1591,,
2018年06月18日,14058,1617,,
2018年06月19日,14013,1624,,
2018年06月20日,13798,1618,,
2018年06月21日,13914,1639,,
2018年06月22日,13787,1627,,
2018年06月25日,13821,1647,,
2018年06月26日,13542,1616,,
2018年06月27日,13587,1623,,
2018年06月28日,13486,1622,,
2018年06月29日,13558,1634,,
2018年07月02日,13719,1658,,
2018年07月03日,13682,1664,,
2018年07月04日,13609,1667,,
2018年07月05日,13609,1675,,
2018年07月06日,13707,1687,,
2018年07月09日,13788,1699,,
2018年07月10日,13992,1758,,
2018年07月11日,14099,1784,,
2018年07月12日,14053,1789,,
2018年07月13日,14242,1821,,
2018年07月17日,14231,1812,,
2018年07月18日,14347,1844,,
2018年07月19日,14392,1850,,
2018年07月20日,14273,1842,,
2018年07月23日,14218,1849,,
2018年07月24日,14163,1844,,
2018年07月25日,14207,1853,,
2018年07月26日,14342,1874,,
2018年07月27日,14251,1872,,
2018年07月30日,14159,1871,,
2018年07月31日,14068,1863,,
2018年08月01日,14186,1870,,
2018年08月02日,14149,1863,,
2018年08月03日,14157,1871,,
2018年08月06日,14137,1878,,
2018年08月07日,14182,1890,,
2018年08月08日,14271,1910,,
2018年08月09日,14226,1919,,
2018年08月10日,14207,1925,,
2018年08月13日,14007,1910,,
2018年08月14日,13899,1903,,
2018年08月15日,14024,1925,,
2018年08月16日,14023,1954,,
2018年08月17日,13836,1928,,
2018年08月20日,13825,1935,0.00,3
2018年08月21日,13834,1938,,
2018年08月22日,13950,1964,,
2018年08月23日,14012,1988,,
2018年08月24日,14065,2001,,
2018年08月27日,14162,2015,,
2018年08月28日,14305,2045,,
2018年08月29日,14332,2060,,
2018年08月30日,14492,2098,,
2018年08月31日,14339,2079,,
2018年09月03日,14283,2085,,
2018年09月04日,14282,2094,,
2018年09月05日,14228,2087,,
2018年09月06日,14076,2086,,
2018年09月07日,13923,2077,,
2018年09月10日,13930,2118,,
2018年09月11日,13974,2132,,
2018年09月12日,14064,2155,,
2018年09月13日,14036,2166,,
2018年09月14日,14206,2200,,
2018年09月18日,14124,2226,,
2018年09月19日,14257,2251,,
2018年09月20日,14301,2272,,
2018年09月21日,14444,2297,,
2018年09月25日,14468,2312,,
2018年09月26日,14531,2334,,
2018年09月27日,14521,2337,,
2018年09月28日,14610,2385,,
2018年10月01日,14563,2389,,
2018年10月02日,14644,2409,,
2018年10月03日,14517,2399,,
2018年10月04日,14588,2411,,
2018年10月05日,14320,2389,,
2018年10月09日,13979,2345,,
2018年10月10日,13943,2352,,
2018年10月11日,13474,2276,,
2018年10月12日,13203,2235,,
2018年10月15日,13454,2273,,
2018年10月16日,13292,2250,,
2018年10月17日,13623,2318,,
2018年10月18日,13657,2354,,
2018年10月19日,13408,2326,,
2018年10月22日,13406,2343,,
2018年10月23日,13450,2357,,
2018年10月24日,13234,2326,,
2018年10月25日,12875,2280,,
2018年10月26日,13070,2332,,
2018年10月29日,12799,2292,,
2018年10月30日,12736,2291,,
2018年10月31日,12888,2318,,
2018年11月01日,13140,2370,,
2018年11月02日,13140,2373,,
2018年11月05日,13418,2423,,
2018年11月06日,13390,2433,,
2018年11月07日,13480,2457,,
2018年11月08日,13713,2512,,
2018年11月09日,13721,2519,,
2018年11月12日,13512,2481,,
2018年11月13日,13232,2439,,
2018年11月14日,13259,2447,,
2018年11月15日,13168,2433,,
2018年11月16日,13266,2476,,
2018年11月19日,13192,2465,,
2018年11月20日,12975,2432,,
2018年11月21日,12776,2394,,
2018年11月22日,12911,2425,,
2018年11月26日,12827,2407,,
2018年11月27日,13098,2457,,
2018年11月28日,13106,2476,,
2018年11月29日,13328,2538,,
2018年11月30日,13328,2554,,
2018年12月03日,13362,2563,,
2018年12月04日,13632,2623,,
2018年12月05日,13227,2553,,
2018年12月06日,13227,2552,,
2018年12月07日,13018,2512,,
2018年12月10日,12845,2480,,
2018年12月11日,12853,2484,,
2018年12月12日,12916,2491,,
2018年12月13日,13087,2528,,
2018年12月14日,13114,2546,,
2018年12月17日,12880,2524,,
2018年12月18日,12619,2474,,
2018年12月19日,12591,2476,,
2018年12月20日,12473,2449,,
2018年12月21日,12147,2386,,
2018年12月25日,11962,2336,,
2018年12月26日,11962,2342,,
2018年12月27日,11961,2342,,
2018年12月28日,12160,2381,,
2019年01月04日,11685,2369,,
2019年01月07日,12100,2467,,
2019年01月08日,12261,2509,,
2019年01月09日,12369,2533,,
2019年01月10日,12459,2558,,
2019年01月11日,12522,2577,,
2019年01月15日,12402,2553,,
2019年01月16日,12618,2601,,
2019年01月17日,12663,2613,,
2019年01月18日,12762,2637,,
2019年01月21日,12932,2674,,
2019年01月22日,12931,2679,,
2019年01月23日,12778,2647,,
2019年01月24日,12768,2691,,
2019年01月25日,12821,2711,,
2019年01月28日,12936,2737,,
2019年01月29日,12800,2712,,
2019年01月30日,12782,2707,,
2019年01月31日,12934,2741,,
2019年02月01日,13061,2772,,
2019年02月04日,13141,2795,,
2019年02月05日,13248,2822,,
2019年02月06日,13347,2839,,
2019年02月07日,13310,2835,,
2019年02月08日,13148,2811,,
2019年02月12日,13217,2832,,
2019年02月13日,13397,2872,,
2019年02月14日,13487,2889,,
2019年02月15日,13432,2876,,
2019年02月18日,13503,2899,,
2019年02月19日,13502,2929,,
2019年02月20日,13563,2942,,
2019年02月21日,13644,2961,,
2019年02月22日,13589,2942,,
2019年02月25日,13677,2970,,
2019年02月26日,13794,2992,,
2019年02月27日,13730,2957,,
2019年02月28日,13774,2988,,
2019年03月01日,13800,2993,,
2019年03月04日,13941,3028,,
2019年03月05日,13887,3012,,
2019年03月06日,13895,3011,,
2019年03月07日,13832,2998,,
2019年03月08日,13669,2959,,
2019年03月11日,13541,2932,,
2019年03月12日,13730,2969,,
2019年03月13日,13801,2980,,
2019年03月14日,13863,3009,,
2019年03月15日,13916,3024,,
2019年03月18日,14004,3047,,
2019年03月19日,14030,3086,,
2019年03月20日,14065,3095,,
2019年03月22日,14073,3097,,
2019年03月25日,13720,3013,,
2019年03月26日,13683,3006,,
2019年03月27日,13862,3044,,
2019年03月28日,13800,3050,,
2019年03月29日,13835,3063,,
2019年04月01日,13967,3108,,
2019年04月02日,14199,3158,,
2019年04月03日,14234,3163,,
2019年04月04日,14324,3186,,
2019年04月05日,14305,3180,,
2019年04月08日,14375,3194,,
2019年04月09日,14384,3183,,
2019年04月10日,14284,3151,,
2019年04月11日,14310,3154,,
2019年04月12日,14373,3170,,
2019年04月15日,14488,3193,,
2019年04月16日,14488,3236,,
2019年04月17日,14522,3237,,
2019年04月18日,14495,3235,,
2019年04月19日,14485,3236,,
2019年04月22日,14484,3244,,
2019年04月23日,14483,3244,,
2019年04月24日,14553,3260,,
2019年04月25日,14571,3271,,
2019年04月26日,14507,3239,,
2019年05月07日,14420,3218,,
2019年05月08日,14133,3171,,
2019年05月09日,14088,3162,,
2019年05月10日,14087,3142,,
2019年05月13日,13986,3120,,
2019年05月14日,13612,3076,,
2019年05月15日,13754,3118,,
2019年05月16日,13851,3148,,
2019年05月17日,13976,3180,,
2019年05月20日,13884,3176,,
2019年05月21日,13751,3159,,
2019年05月22日,13910,3203,,
2019年05月23日,13892,3212,,
2019年05月24日,13642,3171,,
2019年05月27日,13649,3203,,
2019年05月28日,13649,3212,,
2019年05月29日,13630,3208,,
2019年05月30日,13540,3222,,
2019年05月31日,13540,3226,,
2019年06月03日,13316,3173,,
2019年06月04日,13208,3164,,
2019年06月05日,13387,3214,,
2019年06月06日,13520,3249,,
2019年06月07日,13591,3276,,
2019年06月10日,13733,3319,,
2019年06月11日,13732,3308,,
2019年06月12日,13910,3351,,
2019年06月13日,13838,3331,,
2019年06月14日,13837,3333,,
2019年06月17日,13783,3355,,
2019年06月18日,13826,3381,,
2019年06月19日,13977,3427,,
2019年06月20日,14030,3441,,
2019年06月21日,14084,3456,,
2019年06月24日,14064,3462,,
2019年06月25日,14072,3485,,
2019年06月26日,13938,3463,,
2019年06月27日,13991,3479,,
2019年06月28日,14053,3531,,
2019年07月01日,14140,3559,,
2019年07月02日,14345,3626,,
2019年07月03日,14308,3621,,
2019年07月04日,14379,3644,,
2019年07月05日,14379,3658,,
2019年07月08日,14395,3662,,
2019年07月09日,14349,3655,,
2019年07月10日,14376,3674,,
2019年07月11日,14375,3683,,
2019年07月12日,14401,3713,,
2019年07月16日,14399,3700,,
2019年07月17日,14398,3713,,
2019年07月18日,14353,3733,,
2019年07月19日,14290,3709,,
2019年07月22日,14288,3716,,
2019年07月23日,14368,3733,,
2019年07月24日,14484,3774,,
2019年07月25日,14519,3812,,
2019年07月26日,14473,3806,,
2019年07月29日,14525,3808,,
2019年07月30日,14516,3838,,
2019年07月31日,14436,3822,,
2019年08月01日,14319,3802,,
2019年08月02日,14129,3759,,
2019年08月05日,13814,3681,,
2019年08月06日,13376,3568,,
2019年08月07日,13527,3618,,
2019年08月08日,13544,3637,,
2019年08月09日,13766,3700,,
2019年08月13日,13469,3629,,
2019年08月14日,13736,3715,,
2019年08月15日,13336,3625,,
2019年08月16日,13336,3638,,
2019年08月19日,13546,3695,,
2019年08月20日,13712,3805,0.00,4
2019年08月21日,13616,3789,,
2019年08月22日,13766,3833,,
2019年08月23日,13677,3835,,
2019年08月26日,13339,3738,,
2019年08月27日,13463,3774,,
2019年08月28日,13453,3776,,
2019年08月29日,13524,3815,,
2019年08月30日,13709,3868,,
2019年09月02日,13716,3872,,
2019年09月03日,13716,3874,,
2019年09月04日,13591,3839,,
2019年09月05日,13813,3907,,
2019年09月06日,14071,3982,,
2019年09月09日,14087,3988,,
2019年09月10日,14050,3982,,
2019年09月11日,13997,3964,,
2019年09月12日,14147,4014,,
2019年09月13日,14272,4051,,
2019年09月17日,14207,4071,,
2019年09月18日,14277,4095,,
2019年09月19日,14295,4096,,
2019年09月20日,14267,4089,,
2019年09月24日,14095,4028,,
2019年09月25日,13970,3994,,
2019年09月26日,14048,4031,,
2019年09月27日,14066,4033,,
2019年09月30日,14003,4036,,
2019年10月01日,14063,4049,,
2019年10月02日,13912,3993,,
2019年10月03日,13599,3907,,
2019年10月04日,13661,3935,,
2019年10月07日,13810,3986,,
2019年10月08日,13845,4012,,
2019年10月09日,13658,3964,,
2019年10月10日,13799,4011,,
2019年10月11日,13932,4062,,
2019年10月15日,14151,4145,,
2019年10月16日,14345,4209,,
2019年10月17日,14309,4200,,
2019年10月18日,14318,4240,,
2019年10月21日,14218,4211,,
2019年10月23日,14190,4206,,
2019年10月24日,14207,4221,,
2019年10月25日,14322,4271,,
2019年10月28日,14382,4290,,
2019年10月29日,14515,4330,,
2019年10月30日,14488,4351,,
2019年10月31日,14567,4374,,
2019年11月01日,14424,4340,,
2019年11月05日,14715,4420,,
2019年11月06日,14777,4438,,
2019年11月07日,14732,4424,,
2019年11月08日,14803,4442,,
2019年11月11日,14792,4447,,
2019年11月12日,14747,4441,,
2019年11月13日,14791,4454,,
2019年11月14日,14754,4449,,
2019年11月15日,14692,4434,,
2019年11月18日,14859,4488,,
2019年11月19日,14867,4526,,
2019年11月20日,14919,4568,,
2019年11月21日,14865,4563,,
2019年11月22日,14829,4542,,
2019年11月25日,14836,4566,,
2019年11月26日,15013,4634,,
2019年11月27日,15056,4647,,
2019年11月28日,15179,4730,,
2019年11月29日,15178,4735,,
2019年12月02日,15106,4712,,
2019年12月03日,14901,4650,,
2019年12月04日,14793,4607,,
2019年12月05日,14890,4652,,
2019年12月06日,14898,4652,,
2019年12月09日,14986,4688,,
2019年12月10日,14949,4697,,
2019年12月11日,14958,4707,,
2019年12月12日,14993,4720,,
2019年12月13日,15196,4793,,
2019年12月16日,15284,4827,,
2019年12月17日,15459,4928,,
2019年12月18日,15450,4920,,
2019年12月19日,15467,4915,,
2019年12月20日,15484,4922,,
2019年12月23日,15571,4951,,
2019年12月24日,15579,4956,,
2019年12月25日,15579,4967,,
2019年12月26日,15578,4966,,
2019年12月27日,15577,4966,,
2019年12月30日,15708,5008,,
2020年01月06日,15510,5007,,
2020年01月07日,15563,5025,,
2020年01月08日,15580,5029,,
2020年01月09日,15685,5067,,
2020年01月10日,15870,5147,,
2020年01月14日,16035,5202,,
2020年01月15日,16044,5234,,
2020年01月16日,16052,5254,,
2020年01月17日,16158,5299,,
2020年01月20日,16262,5339,,
2020年01月21日,16262,5365,,
2020年01月22日,16128,5321,,
2020年01月23日,16180,5426,,
2020年01月24日,16083,5426,,
2020年01月27日,15985,5416,,
2020年01月28日,15623,5319,,
2020年01月29日,15789,5404,,
2020年01月30日,15832,5430,,
2020年01月31日,15761,5405,,
2020年02月03日,15503,5331,,
2020年02月04日,15723,5421,,
2020年02月05日,16147,5564,,
2020年02月06日,16209,5592,,
2020年02月07日,16332,5662,,
2020年02月10日,16215,5649,,
2020年02月12日,16381,5736,,
2020年02月13日,16504,5794,,
2020年02月14日,16459,5785,,
2020年02月17日,16510,5829,,
2020年02月18日,16509,5887,,
2020年02月19日,16465,5871,,
2020年02月20日,16814,6049,,
2020年02月21日,16805,6059,,
2020年02月25日,15896,5740,,
2020年02月26日,15448,5608,,
2020年02月27日,15456,5588,,
2020年02月28日,14832,5373,,
2020年03月02日,14395,5247,,
2020年03月03日,14881,5459,,
2020年03月04日,14576,5331,,
2020年03月05日,14993,5519,,
2020年03月06日,14499,5407,,
2020年03月09日,14089,5281,,
2020年03月10日,12774,4818,,
2020年03月11日,13475,5100,,
2020年03月12日,12905,4890,,
2020年03月13日,11838,4514,,
2020年03月16日,12687,4894,,
2020年03月17日,11314,4383,,
2020年03月18日,11791,4626,,
2020年03月19日,11228,4455,,
2020年03月23日,11626,4669,,
2020年03月24日,11399,4624,,
2020年03月25日,12321,5035,,
2020年03月26日,12617,5209,,
2020年03月27日,12956,5389,,
2020年03月30日,12413,5197,,
2020年03月31日,12639,5316,,
2020年04月01日,12578,5301,,
2020年04月02日,12050,5068,,
2020年04月03日,12217,5153,,
2020年04月06日,12171,5141,,
2020年04月07日,12913,5468,,
2020年04月08日,12983,5498,,
2020年04月09日,13213,5604,,
2020年04月10日,13344,5667,,
2020年04月13日,13343,5667,,
2020年04月14日,13342,5667,,
2020年04月15日,13537,5749,,
2020年04月16日,13352,5745,,
2020年04月17日,13457,5781,,
2020年04月20日,13818,5937,,
2020年04月21日,13755,5915,,
2020年04月22日,13320,5723,,
2020年04月23日,13576,5855,,
2020年04月24日,13576,5843,,
2020年04月27日,13618,5869,,
2020年04月28日,13803,5944,,
2020年04月30日,13943,6017,,
2020年05月01日,14004,6064,,
2020年05月07日,13718,5928,,
2020年05月08日,13965,6035,,
2020年05月11日,14148,6137,,
2020年05月12日,14315,6227,,
2020年05月13日,14067,6138,,
2020年05月14日,13891,6075,,
2020年05月15日,13917,6084,,
2020年05月18日,13985,6129,,
2020年05月19日,14319,6297,,
2020年05月20日,14370,6321,,
2020年05月21日,14591,6429,,
2020年05月22日,14590,6489,,
2020年05月25日,14483,6441,,
2020年05月26日,14482,6472,,
2020年05月27日,14623,6534,,
2020年05月28日,14700,6653,,
2020年05月29日,14778,6692,,
2020年06月01日,14864,6728,,
2020年06月02日,14863,6729,,
2020年06月03日,15277,6916,,
2020年06月04日,15496,7028,,
2020年06月05日,15460,6989,,
2020年06月08日,15785,7119,,
2020年06月09日,15705,7067,,
2020年06月10日,15581,6980,,
2020年06月11日,15572,6951,,
2020年06月12日,14849,6632,,
2020年06月15日,14980,6699,,
2020年06月16日,15057,6770,,
2020年06月17日,15319,6890,,
2020年06月18日,15353,6923,,
2020年06月19日,15352,6936,,
2020年06月22日,15368,6959,,
2020年06月23日,15483,7017,,
2020年06月24日,15482,7035,,
2020年06月25日,15243,6926,,
2020年06月26日,15391,7073,,
2020年06月29日,15145,6973,,
2020年06月30日,15293,7121,,
2020年07月01日,15564,7228,,
2020年07月02日,15661,7282,,
2020年07月03日,15836,7370,,
2020年07月06日,15834,7377,,
2020年07月07日,16177,7537,,
2020年07月08日,16097,7488,,
2020年07月09日,16158,7522,,
2020年07月10日,16148,7513,,
2020年07月13日,16243,7608,,
2020年07月14日,16163,7588,,
2020年07月15日,16286,7657,,
2020年07月16日,16409,7710,,
2020年07月17日,16321,7741,,
2020年07月20日,16344,7727,,
2020年07月21日,16722,7923,,
2020年07月22日,16634,7909,,
2020年07月27日,16200,7731,,
2020年07月28日,16393,7842,,
2020年07月29日,16225,7772,,
2020年07月30日,16355,7889,,
2020年07月31日,16241,7846,,
2020年08月03日,16336,7918,,
2020年08月04日,16510,8014,,
2020年08月05日,16519,8030,,
2020年08月06日,16677,8115,,
2020年08月07日,16703,8135,,
2020年08月11日,16541,8090,,
2020年08月12日,16593,8137,,
2020年08月13日,16944,8327,,
2020年08月14日,17023,8409,,
2020年08月17日,16897,8380,,
2020年08月18日,17010,8512,,
2020年08月19日,17010,8578,,
2020年08月20日,17035,8604,0.00,5
2020年08月21日,17061,8672,,
2020年08月24日,17076,8738,,
2020年08月25日,17213,8868,,
2020年08月26日,17413,9015,,
2020年08月27日,17639,9140,,
2020年08月28日,17725,9294,,
2020年08月31日,17601,9276,,
2020年09月01日,17775,9389,,
2020年09月02日,17844,9442,,
2020年09月03日,18000,9534,,
2020年09月04日,17425,9276,,
2020年09月07日,17230,9168,,
2020年09月08日,17230,9207,,
2020年09月09日,16681,8914,,
2020年09月10日,17079,9234,,
2020年09月11日,16923,9217,,
2020年09月14日,16921,9264,,
2020年09月15日,17155,9444,,
2020年09月16日,17310,9616,,
2020年09月17日,17145,9559,,
2020年09月18日,16926,9459,,
2020年09月23日,16748,9427,,
2020年09月24日,16512,9303,,
2020年09月25日,16476,9339,,
2020年09月28日,16709,9529,,
2020年09月29日,16969,9732,,
2020年09月30日,17020,9866,,
2020年10月01日,17045,9917,,
2020年10月02日,17244,10106,,
2020年10月05日,16982,9983,,
2020年10月06日,17365,10251,,
2020年10月07日,17154,10143,,
2020年10月08日,17451,10364,,
2020年10月09日,17572,10464,,
2020年10月12日,17701,10553,,
2020年10月13日,17874,10690,,
2020年10月14日,17873,10682,,
2020年10月15日,17759,10612,,
2020年10月16日,17583,10524,,
2020年10月19日,17598,10646,,
2020年10月20日,17459,10565,,
2020年10月21日,17501,10605,,
2020年10月22日,17309,10497,,
2020年10月23日,17360,10574,,
2020年10月26日,17393,10639,,
2020年10月27日,17165,10503,,
2020年10月28日,17095,10475,,
2020年10月29日,16564,10234,,
2020年10月30日,16685,10308,,
2020年11月02日,16420,10178,,
2020年11月04日,16872,10510,,
2020年11月05日,17314,10882,,
2020年11月06日,17581,11093,,
2020年11月09日,17535,11128,,
2020年11月10日,17968,11431,,
2020年11月11日,17820,11406,,
2020年11月12日,18028,11569,,
2020年11月13日,17862,11524,,
2020年11月16日,17886,11588,,
2020年11月17日,18058,11801,,
2020年11月18日,18031,11792,,
2020年11月19日,17978,11777,,
2020年11月20日,18012,11797,,
2020年11月24日,18218,11969,,
2020年11月25日,18425,12204,,
2020年11月26日,18502,12369,,
2020年11月27日,18501,12433,,
2020年11月30日,18602,12501,,
2020年12月01日,18507,12677,,
2020年12月02日,18761,12949,,
2020年12月03日,18786,13002,,
2020年12月04日,18768,13037,,
2020年12月07日,18958,13203,,
2020年12月08日,19034,13318,,
2020年12月09日,19121,13376,,
2020年12月10日,18893,13214,,
2020年12月11日,18979,13284,,
2020年12月14日,18872,13272,,
2020年12月15日,18959,13346,,
2020年12月16日,18984,13365,,
2020年12月17日,19044,13496,,
2020年12月18日,19191,13605,,
2020年12月21日,19267,13676,,
2020年12月22日,19082,13565,,
2020年12月23日,19134,13606,,
2020年12月24日,19151,13666,,
2020年12月25日,19150,13668,,
2020年12月28日,19147,13667,,
2020年12月29日,19390,13840,,
2020年12月30日,19398,14010,,
2021年01月04日,19454,14071,,
2021年01月05日,19436,14100,,
2021年01月06日,19453,14118,,
2021年01月07日,19557,14149,,
2021年01月08日,20044,14512,,
2021年01月12日,20136,14665,,
2021年01月13日,20170,14723,,
2021年01月14日,20213,14709,,
2021年01月15日,20212,14732,,
2021年01月18日,19984,14623,,
2021年01月19日,19983,14665,,
2021年01月20日,20225,14842,,
2021年01月21日,20387,15143,,
2021年01月22日,20438,15230,,
2021年01月25日,20401,15382,,
2021年01月26日,20383,15462,,
2021年01月27日,20278,15428,,
2021年01月28日,19881,15275,,
2021年01月29日,19984,15410,,
2021年02月01日,19694,15256,,
2021年02月02日,20154,15622,,
2021年02月03日,20536,15885,,
2021年02月04日,20527,15964,,
2021年02月05日,20708,16126,,
2021年02月08日,20853,16308,,
2021年02月09日,20966,16453,,
2021年02月10日,20869,16379,,
2021年02月12日,20884,16401,,
2021年02月15日,21048,16566,,
2021年02月16日,21047,16636,,
2021年02月17日,21297,16835,,
2021年02月18日,21201,16934,,
2021年02月19日,21021,16812,,
2021年02月22日,21001,16833,,
2021年02月24日,20576,16579,,
2021年02月25日,20834,16843,,
2021年02月26日,20471,16626,,
2021年03月01日,20305,16546,,
2021年03月02日,20811,17110,,
2021年03月03日,20647,16889,,
2021年03月04日,20394,16637,,
2021年03月05日,20151,16425,,
2021年03月08日,20261,16513,,
2021年03月09日,20104,16400,,
2021年03月10日,20605,16770,,
2021年03月11日,20630,16839,,
2021年03月12日,21052,17249,,
2021年03月15日,21058,17275,,
2021年03月16日,21187,17440,,
2021年03月17日,21126,17434,,
2021年03月18日,21203,17496,,
2021年03月19日,20842,17425,,
2021年03月22日,20831,17514,,
2021年03月23日,20917,17609,,
2021年03月24日,20691,17421,,
2021年03月25日,20448,17290,,
2021年03月26日,20550,17484,,
2021年03月29日,20900,17853,,
2021年03月30日,20907,18010,,
2021年03月31日,21035,18155,,
2021年04月01日,21251,18411,,
2021年04月02日,21508,18716,,
2021年04月05日,21506,18743,,
2021年04月06日,21505,18742,,
2021年04月07日,21693,18907,,
2021年04月08日,21589,18902,,
2021年04月09日,21709,18979,,
2021年04月12日,21801,19022,,
2021年04月13日,21705,18999,,
2021年04月14日,21868,19162,,
2021年04月15日,21764,19085,,
2021年04月16日,21961,19370,,
2021年04月19日,22036,19449,,
2021年04月20日,21767,19250,,
2021年04月21日,21524,19017,,
2021年04月22日,21704,19198,,
2021年04月23日,21642,19169,,
2021年04月26日,21838,19335,,
2021年04月27日,22003,19484,,
2021年04月28日,22053,19547,,
2021年04月30日,22103,19670,,
2021年05月06日,21752,19378,,
2021年05月07日,21820,19469,,
2021年05月10日,21965,19586,,
2021年05月11日,21687,19354,,
2021年05月12日,21479,19236,,
2021年05月13日,21255,19089,,
2021年05月14日,21254,19069,,
2021年05月17日,21621,19399,,
2021年05月18日,21551,19343,,
2021年05月19日,21541,19362,,
2021年05月20日,21446,19312,,
2021年05月21日,21685,19700,,
2021年05月24日,21691,19723,,
2021年05月25日,21690,19804,,
2021年05月26日,21948,20040,,
2021年05月27日,22050,20123,,
2021年05月28日,22255,20460,,
2021年05月31日,22355,20603,,
2021年06月01日,22354,20623,,
2021年06月02日,22301,20574,,
2021年06月03日,22300,20595,,
2021年06月04日,22247,20577,,
2021年06月07日,22305,20628,,
2021年06月08日,22287,20637,,
2021年06月09日,22329,20692,,
2021年06月10日,22320,20712,,
2021年06月11日,22423,20860,,
2021年06月14日,22523,20976,,
2021年06月15日,22686,21143,,
2021年06月16日,22599,21161,,
2021年06月17日,22633,21214,,
2021年06月18日,22597,21190,,
2021年06月21日,22378,20996,,
2021年06月22日,22533,21158,,
2021年06月23日,22730,21328,,
2021年06月24日,22729,21430,,
2021年06月25日,22995,21681,,
2021年06月28日,23018,21732,,
2021年06月29日,23034,21778,,
2021年06月30日,23024,21831,,
2021年07月01日,23015,21871,,
2021年07月02日,23135,22013,,
2021年07月05日,23141,22028,,
2021年07月06日,23140,22055,,
2021年07月07日,23017,21939,,
2021年07月08日,23016,21946,,
2021年07月09日,22636,21609,,
2021年07月12日,22926,21893,,
2021年07月13日,23107,22019,,
2021年07月14日,23089,21985,,
2021年07月15日,22940,21873,,
2021年07月16日,22776,21735,,
2021年07月19日,22687,21760,,
2021年07月20日,22247,21332,,
2021年07月21日,22540,21595,,
2021年07月26日,23244,22257,,
2021年07月27日,23182,22241,,
2021年07月28日,22871,21968,,
2021年07月29日,23077,22264,,
2021年07月30日,23126,22364,,
2021年08月02日,22977,22239,,
2021年08月03日,23028,22308,,
2021年08月04日,23053,22285,,
2021年08月05日,23199,22452,,
2021年08月06日,23396,22668,,
2021年08月10日,23435,22724,,
2021年08月11日,23468,22823,,
2021年08月12日,23442,22799,,
2021年08月13日,23475,22866,,
2021年08月16日,23344,22794,,
2021年08月17日,23171,22753,,
2021年08月18日,23076,22687,,
2021年08月19日,23040,22648,,
2021年08月20日,22858,22450,0.00,6
2021年08月23日,22967,22563,,
2021年08月24日,23260,22859,,
2021年08月25日,23379,23043,,
2021年08月26日,23524,23183,,
2021年08月27日,23402,23035,,
2021年08月30日,23580,23328,,
2021年08月31日,23750,23493,,
2021年09月01日,23775,23510,,
2021年09月02日,23895,23625,,
2021年09月03日,23929,23625,,
2021年09月06日,23901,23611,,
2021年09月07日,23900,23623,,
2021年09月08日,24106,23826,,
2021年09月09日,23951,23704,,
2021年09月10日,23778,23575,,
2021年09月13日,23733,23534,,
2021年09月14日,23741,23576,,
2021年09月15日,23654,23474,,
2021年09月16日,23627,23546,,
2021年09月17日,23687,23597,,
2021年09月21日,23055,22962,,
2021年09月22日,23131,23042,,
2021年09月24日,23742,23599,,
2021年09月27日,23801,23682,,
2021年09月28日,23722,23638,,
2021年09月29日,23233,23196,,
2021年09月30日,23266,23335,,
2021年10月01日,23034,23104,,
2021年10月04日,23076,23184,,
2021年10月05日,22748,22862,,
2021年10月06日,23066,23170,,
2021年10月07日,23013,23129,,
2021年10月08日,23339,23478,,
2021年10月11日,23363,23486,,
2021年10月12日,23483,23642,,
2021年10月13日,23525,23686,,
2021年10月14日,23653,23818,,
2021年10月15日,24067,24247,,
2021年10月18日,24424,24739,,
2021年10月19日,24526,24869,,
2021年10月20日,24697,25045,,
2021年10月21日,24679,25030,,
2021年10月22日,24696,25085,,
2021年10月25日,24582,25015,,
2021年10月26日,24864,25335,,
2021年10月27日,24984,25481,,
2021年10月28日,24863,25514,,
2021年10月29日,25086,25771,,
2021年11月01日,25186,25883,,
2021年11月02日,25185,25896,,
2021年11月04日,25538,26259,,
2021年11月05日,25615,26360,,
2021年11月08日,25595,26354,,
2021年11月09日,25525,26322,,
2021年11月10日,25198,26041,,
2021年11月11日,25189,26090,,
2021年11月12日,25248,26277,,
2021年11月15日,25391,26459,,
2021年11月16日,25468,26581,,
2021年11月17日,25733,26961,,
2021年11月18日,25544,26794,,
2021年11月19日,25603,26862,,
2021年11月22日,25523,26800,,
2021年11月24日,25324,26646,,
2021年11月25日,25409,26750,,
2021年11月26日,25408,26865,,
2021年11月29日,24431,25831,,
2021年11月30日,24814,26475,,
2021年12月01日,24353,25925,,
2021年12月02日,24138,25716,,
2021年12月03日,24282,25864,,
2021年12月06日,23800,25387,,
2021年12月07日,24074,25719,,
2021年12月08日,24708,26394,,
2021年12月09日,24870,26625,,
2021年12月10日,24518,26277,,
2021年12月13日,24567,26324,,
2021年12月14日,24335,26107,,
2021年12月15日,24102,25837,,
2021年12月16日,24453,26249,,
2021年12月17日,24239,26184,,
2021年12月20日,24083,26017,,
2021年12月21日,23756,25685,,
2021年12月22日,24330,26342,,
2021年12月23日,24697,26814,,
2021年12月24日,25022,27199,,
2021年12月27日,25020,27233,,
2021年12月28日,25362,27606,,
2021年12月29日,25327,27618,,
2021年12月30日,25369,27742,,
2022年01月04日,25615,28030,,
2022年01月05日,25630,28081,,
2022年01月06日,25124,27520,,
2022年01月07日,24884,27248,,
2022年01月11日,24426,26711,,
2022年01月12日,24692,26948,,
2022年01月13日,24786,27077,,
2022年01月14日,24254,26528,,
2022年01月17日,24183,26490,,
2022年01月18日,24182,26467,,
2022年01月19日,23838,26091,,
2022年01月20日,23633,26000,,
2022年01月21日,23564,25920,,
2022年01月24日,22893,25196,,
2022年01月25日,22721,25067,,
2022年01月26日,22378,24651,,
2022年01月27日,22566,24879,,
2022年01月28日,22361,24757,,
2022年01月31日,22632,25093,,
2022年02月01日,23248,25755,,
2022年02月02日,23419,25911,,
2022年02月03日,23444,25985,,
2022年02月04日,22861,25377,,
2022年02月07日,23048,25606,,
2022年02月08日,22961,25547,,
2022年02月09日,23124,25764,,
2022年02月10日,23542,26267,,
2022年02月14日,22767,25396,,
2022年02月15日,22621,25232,,
2022年02月16日,23083,25736,,
2022年02月17日,23082,25884,,
2022年02月18日,22501,25227,,
2022年02月21日,22267,24965,,
2022年02月22日,22266,24990,,
2022年02月24日,21569,24207,,
2022年02月25日,21731,24486,,
2022年02月28日,22232,25002,,
2022年03月01日,22154,24885,,
2022年03月02日,21720,24559,,
2022年03月03日,22084,25090,,
2022年03月04日,21734,24752,,
2022年03月07日,21159,24117,,
2022年03月08日,20592,23484,,
2022年03月09日,20565,23416,,
2022年03月10日,21387,24372,,
2022年03月11日,21283,24184,,
2022年03月14日,21162,24075,,
2022年03月15日,21161,24110,,
2022年03月16日,21443,24423,,
2022年03月17日,22265,25394,,
2022年03月18日,22684,25891,,
2022年03月22日,23099,26498,,
2022年03月23日,23705,27195,,
2022年03月24日,23533,27035,,
2022年03月25日,23967,27653,,
2022年03月28日,23922,27641,,
2022年03月29日,24486,28341,,
2022年03月30日,24757,28795,,
2022年03月31日,24458,28431,,
2022年04月01日,24106,28047,,
2022年04月04日,24360,28373,,
2022年04月05日,24701,28817,,
2022年04月06日,24461,28537,,
2022年04月07日,24033,28018,,
2022年04月08日,24091,28099,,
2022年04月11日,24089,28111,,
2022年04月12日,23849,27884,,
2022年04月13日,23695,27684,,
2022年04月14日,24096,28139,,
2022年04月15日,23890,27901,,
2022年04月18日,23888,27995,,
2022年04月19日,23887,27994,,
2022年04月20日,24612,28843,,
2022年04月21日,24287,28500,,
2022年04月22日,24166,28372,,
2022年04月25日,23644,27855,,
2022年04月26日,23430,27609,,
2022年04月27日,22600,26641,,
2022年04月28日,22753,26965,,
2022年05月02日,23055,27330,,
2022年05月06日,22821,27030,,
2022年05月09日,22555,26792,,
2022年05月10日,22554,26789,,
2022年05月11日,21735,25816,,
2022年05月12日,21290,25333,,
2022年05月13日,21086,25124,,
2022年05月16日,21888,26052,,
2022年05月17日,21707,25843,,
2022年05月18日,22278,26545,,
2022年05月19日,21305,25439,,
2022年05月20日,21288,25447,,
2022年05月23日,21328,25619,,
2022年05月24日,21625,26056,,
2022年05月25日,21115,25514,,
2022年05月26日,21361,25818,,
2022年05月27日,21361,25905,,
2022年05月30日,22349,27104,,
2022年05月31日,22348,27286,,
2022年06月01日,22586,27576,,
2022年06月02日,22559,27566,,
2022年06月03日,23044,28216,,
2022年06月06日,22761,27872,,
2022年06月07日,22760,27871,,
2022年06月08日,23315,28551,,
2022年06月09日,23409,28623,,
2022年06月10日,22879,28009,,
2022年06月13日,22229,27222,,
2022年06月14日,21313,26128,,
2022年06月15日,21364,26175,,
2022年06月16日,21551,26502,,
2022年06月17日,20581,25360,,
2022年06月20日,21134,26068,,
2022年06月21日,21133,26069,,
2022年06月22日,21842,26943,,
2022年06月23日,21655,26878,,
2022年06月24日,21654,26875,,
2022年06月27日,22314,27695,,
2022年06月28日,22305,27711,,
2022年06月29日,22024,27497,,
2022年06月30日,22040,27610,,
2022年07月01日,21665,27158,,
2022年07月04日,21706,27260,,
2022年07月05日,21705,27336,,
2022年07月06日,21747,27389,,
2022年07月07日,21747,27380,,
2022年07月08日,22216,27992,,
2022年07月11日,22240,28033,,
2022年07月12日,22025,27831,,
2022年07月13日,21769,27534,,
2022年07月14日,21828,27604,,
2022年07月15日,21948,27781,,
2022年07月19日,22158,28147,,
2022年07月20日,22760,28997,,
2022年07月21日,22862,29150,,
2022年07月22日,23100,29484,,
2022年07月25日,22613,28971,,
2022年07月26日,22731,29123,,
2022年07月27日,22466,28839,,
2022年07月28日,22991,29667,,
2022年07月29日,22863,29535,,
2022年08月01日,23006,29728,,
2022年08月02日,22647,29261,,
2022年08月03日,22739,29443,,
2022年08月04日,23182,30018,,
2022年08月05日,23121,29960,,
2022年08月08日,23332,30239,,
2022年08月09日,23400,30352,,
2022年08月10日,23203,30151,,
2022年08月12日,23355,30349,,
2022年08月15日,23762,30898,,
2022年08月16日,23762,30903,,
2022年08月17日,23889,31069,,
2022年08月18日,23846,31159,,
2022年08月19日,23964,31301,,
2022年08月22日,23783,31048,0.00,7
2022年08月23日,23347,30499,,
2022年08月24日,23312,30503,,
2022年08月25日,23455,30794,,
2022年08月26日,23684,31079,,
2022年08月29日,23103,30389,,
2022年08月30日,23128,30548,,
2022年08月31日,22915,30276,,
2022年09月01日,22804,30138,,
2022年09月02日,22897,30326,,
2022年09月05日,22724,30174,,
2022年09月06日,22724,30173,,
2022年09月07日,23089,30659,,
2022年09月08日,23583,31326,,
2022年09月09日,23856,31708,,
2022年09月12日,24134,32140,,
2022年09月13日,24398,32491,,
2022年09月14日,23689,31570,,
2022年09月15日,23595,31448,,
2022年09月16日,23399,31259,,
2022年09月20日,23269,31165,,
2022年09月21日,23073,30918,,
2022年09月22日,22698,30474,,
2022年09月26日,21828,29416,,
2022年09月27日,21785,29360,,
2022年09月28日,21852,29615,,
2022年09月29日,22223,30240,,
2022年09月30日,21815,29723,,
2022年10月03日,21651,29528,,
2022年10月04日,22033,30115,,
2022年10月05日,22703,31129,,
2022年10月06日,22685,31125,,
2022年10月07日,22557,31013,,
2022年10月11日,21865,30083,,
2022年10月12日,21609,29772,,
2022年10月13日,21753,30113,,
2022年10月14日,22202,30742,,
2022年10月17日,21875,30310,,
2022年10月18日,22571,31391,,
2022年10月19日,22808,31796,,
2022年10月20日,22697,31676,,
2022年10月21日,22535,31456,,
2022年10月24日,22617,31639,,
2022年10月25日,22862,32086,,
2022年10月26日,23159,32516,,
2022年10月27日,22946,32322,,
2022年10月28日,22700,32161,,
2022年10月31日,23189,32829,,
2022年11月01日,23240,32899,,
2022年11月02日,23239,32939,,
2022年11月04日,22583,32009,,
2022年11月07日,22878,32516,,
2022年11月08日,23021,32708,,
2022年11月09日,23003,32714,,
2022年11月10日,22739,32442,,
2022年11月11日,23121,33001,,
2022年11月14日,23085,32988,,
2022年11月15日,23059,32965,,
2022年11月16日,23219,33189,,
2022年11月17日,23067,33162,,
2022年11月18日,23091,33217,,
2022年11月21日,23166,33313,,
2022年11月22日,23242,33422,,
2022年11月24日,23300,33542,,
2022年11月25日,23299,33644,,
2022年11月28日,23255,33580,,
2022年11月29日,22941,33236,,
2022年11月30日,22948,33427,,
2022年12月01日,23573,34319,,
2022年12月02日,23182,33809,,
2022年12月05日,23010,33653,,
2022年12月06日,23043,33716,,
2022年12月07日,22796,33370,,
2022年12月08日,22634,33160,,
2022年12月09日,22863,33522,,
2022年12月12日,22801,33555,,
2022年12月13日,23098,34009,,
2022年12月14日,22943,33836,,
2022年12月15日,22824,33658,,
2022年12月16日,22671,33450,,
2022年12月19日,22271,33043,,
2022年12月20日,22143,32869,,
2022年12月21日,21317,31652,,
2022年12月22日,21682,32267,,
2022年12月23日,21402,31964,,
2022年12月26日,21527,32166,,
2022年12月27日,21526,32191,,
2022年12月28日,21543,32216,,
2022年12月29日,21483,32450,,
2022年12月30日,21643,32720,,
2023年01月04日,21197,32047,,
2023年01月05日,21724,32850,,
2023年01月06日,21664,32912,,
2023年01月10日,21992,33438,,
2023年01月11日,22178,33728,,
2023年01月12日,22431,34282,,
2023年01月13日,22049,33709,,
2023年01月16日,21988,33621,,
2023年01月17日,21988,33632,,
2023年01月18日,22055,33734,,
2023年01月19日,21987,33831,,
2023年01月20日,21783,33535,,
2023年01月23日,22291,34316,,
2023年01月24日,22681,34986,,
2023年01月25日,22570,34944,,
2023年01月26日,22519,34868,,
2023年01月27日,22823,35438,,
2023年01月30日,22779,35556,,
2023年01月31日,22643,35375,,
2023年02月01日,22812,35654,,
2023年02月02日,22803,35702,,
2023年02月03日,23031,36190,,
2023年02月06日,23291,36602,,
2023年02月07日,23358,36708,,
2023年02月08日,23307,36627,,
2023年02月09日,23196,36492,,
2023年02月10日,23136,36482,,
2023年02月13日,23015,36262,,
2023年02月14日,23439,36982,,
2023年02月15日,23642,37296,,
2023年02月16日,23852,37746,,
2023年02月17日,23564,37377,,
2023年02月20日,23545,37354,,
2023年02月21日,23544,37362,,
2023年02月22日,23280,36943,,
2023年02月24日,23228,37042,,
2023年02月27日,23226,37047,,
2023年02月28日,23413,37377,,
2023年03月01日,23353,37484,,
2023年03月02日,23411,37770,,
2023年03月03日,23621,38209,,
2023年03月06日,23813,38518,,
2023年03月07日,23795,38482,,
2023年03月08日,23608,38192,,
2023年03月09日,23616,38225,,
2023年03月10日,23116,37517,,
2023年03月13日,22623,36728,,
2023年03月14日,22326,36303,,
2023年03月15日,22859,37156,,
2023年03月16日,22281,36220,,
2023年03月17日,22679,36965,,
2023年03月20日,22221,36339,,
2023年03月22日,22837,37369,,
2023年03月23日,22447,36803,,
2023年03月24日,22506,37042,,
2023年03月27日,22470,36995,,
2023年03月28日,22698,37396,,
2023年03月29日,22570,37430,,
2023年03月30日,23226,38622,,
2023年03月31日,23360,38860,,
2023年04月03日,23647,39344,,
2023年04月04日,23629,39408,,
2023年04月05日,23409,39134,,
2023年04月06日,23180,38722,,
2023年04月07日,23331,39015,,
2023年04月10日,23329,39008,,
2023年04月11日,23329,39006,,
2023年04月12日,23735,39686,,
2023年04月13日,23641,39742,,
2023年04月14日,23910,40168,,
2023年04月17日,24026,40468,,
2023年04月18日,24161,40693,,
2023年04月19日,24169,40736,,
2023年04月20日,24219,40828,,
2023年04月21日,24014,40437,,
2023年04月24日,24063,40578,,
2023年04月25日,24096,40772,,
2023年04月26日,23581,39958,,
2023年04月27日,23513,39944,,
2023年04月28日,23916,40783,,
2023年05月01日,24504,41813,,
2023年05月02日,24503,41821,,
2023年05月08日,24236,41366,,
2023年05月09日,24320,41694,,
2023年05月10日,24319,41799,,
2023年05月11日,24126,41466,,
2023年05月12日,24108,41546,,
2023年05月15日,24241,41778,,
2023年05月16日,24460,42138,,
2023年05月17日,24358,42023,,
2023年05月18日,24780,42754,,
2023年05月19日,24779,42744,,
2023年05月22日,25031,43178,,
2023年05月23日,25224,43602,,
2023年05月24日,24853,43040,,
2023年05月25日,24734,42944,,
2023年05月26日,25012,43458,,
2023年05月29日,25448,44338,,
2023年05月30日,25447,44561,,
2023年05月31日,25162,44061,,
2023年06月01日,24907,43641,,
2023年06月02日,25083,44000,,
2023年06月05日,25645,45105,,
2023年06月06日,25509,44868,,
2023年06月07日,25619,45096,,
2023年06月08日,25550,45024,,
2023年06月09日,25482,44959,,
2023年06月12日,25581,45288,,
2023年06月13日,25859,45765,,
2023年06月14日,26187,46405,,
2023年06月15日,26220,46466,,
2023年06月16日,26615,47273,,
2023年06月19日,26807,47675,,
2023年06月20日,26806,47666,,
2023年06月21日,26535,47184,,
2023年06月22日,26492,47199,,
2023年06月23日,26760,47801,,
2023年06月26日,26758,47831,,
2023年06月27日,26462,47302,,
2023年06月28日,26831,48225,,
2023年06月29日,26956,48577,,
2023年06月30日,27015,48718,,
2023年07月03日,27232,49117,,
2023年07月04日,27315,49355,,
2023年07月05日,27314,49412,,
2023年07月06日,27221,49244,,
2023年07月07日,26731,48460,,
2023年07月10日,26399,47851,,
2023年07月11日,26398,47872,,
2023年07月12日,26406,48102,,
2023年07月13日,26363,48001,,
2023年07月14日,26633,48506,,
2023年07月18日,26816,48943,,
2023年07月19日,27009,49321,,
2023年07月20日,27117,49644,,
2023年07月21日,26914,49279,,
2023年07月24日,27241,49951,,
2023年07月25日,27164,49980,,
2023年07月26日,27171,50036,,
2023年07月27日,26994,49895,,
2023年07月28日,26683,49527,,
2023年07月31日,27395,50879,,
2023年08月01日,27622,51329,,
2023年08月02日,27698,51525,,
2023年08月03日,27234,50787,,
2023年08月04日,27023,50422,,
2023年08月07日,26801,49984,,
2023年08月08日,27172,50677,,
2023年08月09日,27297,50965,,
2023年08月10日,27213,50967,,
2023年08月14日,27327,51198,,
2023年08月15日,27470,51526,,
2023年08月16日,27469,51553,,
2023年08月17日,27131,50918,,
2023年08月18日,26776,50484,,
2023年08月21日,26691,50347,0.00,8
2023年08月22日,27044,50986,,
2023年08月23日,26959,50928,,
2023年08月24日,27084,51329,,
2023年08月25日,26848,50882,,
2023年08月28日,27098,51390,,
2023年08月29日,27308,51912,,
2023年08月30日,27634,52778,,
2023年08月31日,27742,53008,,
2023年09月01日,27530,52628,,
2023年09月04日,27646,52909,,
2023年09月05日,27645,53000,,
2023年09月06日,27829,53352,,
2023年09月07日,27677,53080,,
2023年09月08日,27490,52757,,
2023年09月11日,27614,52978,,
2023年09月12日,27588,53086,,
2023年09月13日,27562,53160,,
2023年09月14日,27578,53213,,
2023年09月15日,27771,53582,,
2023年09月19日,27465,53137,,
2023年09月20日,27472,53262,,
2023年09月21日,27337,53023,,
2023年09月22日,26756,51986,,
2023年09月25日,26871,52353,,
2023年09月26日,26937,52448,,
2023年09月27日,26651,52046,,
2023年09月28日,26793,52554,,
2023年09月29日,26917,52860,,
2023年10月02日,26898,52826,,
2023年10月03日,26830,52705,,
2023年10月04日,26267,51810,,
2023年10月05日,26509,52292,,
2023年10月06日,26416,52079,,
2023年10月10日,26801,52842,,
2023年10月11日,27111,53475,,
2023年10月12日,27346,54223,,
2023年10月13日,27303,54153,,
2023年10月16日,27022,53653,,
2023年10月17日,27266,54129,,
2023年10月18日,27315,54486,,
2023年10月19日,26862,53565,,
2023年10月20日,26617,53089,,
2023年10月23日,26328,52519,,
2023年10月24日,26344,52629,,
2023年10月25日,26511,53121,,
2023年10月26日,26250,52640,,
2023年10月27日,26005,52294,,
2023年10月30日,25718,51911,,
2023年10月31日,25903,52346,,
2023年11月01日,26389,53354,,
2023年11月02日,26388,53422,,
2023年11月06日,27083,54829,,
2023年11月07日,27242,55256,,
2023年11月08日,27391,55536,,
2023年11月09日,27534,55878,,
2023年11月10日,27407,55834,,
2023年11月13日,27740,56531,,
2023年11月14日,27799,56745,,
2023年11月15日,28142,57455,,
2023年11月16日,28393,57992,,
2023年11月17日,28250,57920,,
2023年11月20日,28214,57835,,
2023年11月21日,28230,57834,,
2023年11月22日,28111,57659,,
2023年11月24日,28395,58367,,
2023年11月27日,28460,58532,,
2023年11月28日,28207,58031,,
2023年11月29日,27988,57881,,
2023年11月30日,27954,57948,,
2023年12月01日,28155,58367,,
2023年12月04日,28060,58259,,
2023年12月05日,27967,58158,,
2023年12月06日,27873,57936,,
2023年12月07日,27847,57915,,
2023年12月08日,27309,56814,,
2023年12月11日,27676,57633,,
2023年12月12日,28069,58640,,
2023年12月13日,28076,58736,,
2023年12月14日,27967,58505,,
2023年12月15日,27924,58435,,
2023年12月18日,28005,58739,,
2023年12月19日,28222,59312,,
2023年12月20日,28632,60213,,
2023年12月21日,28228,59379,,
2023年12月22日,28261,59551,,
2023年12月25日,28325,59801,,
2023年12月26日,28324,59833,,
2023年12月27日,28323,59831,,
2023年12月28日,28482,60167,,
2023年12月29日,28339,60308,,
2024年01月04日,28042,59695,,
2024年01月05日,28352,60379,,
2024年01月09日,28582,61188,,
2024年01月10日,28573,61211,,
2024年01月11日,28948,62353,,
2024年01月12日,28839,62265,,
2024年01月15日,28820,62260,,
2024年01月16日,28819,62299,,
2024年01月17日,29044,62787,,
2024年01月18日,28994,62922,,
2024年01月19日,29301,63612,,
2024年01月22日,29533,64239,,
2024年01月23日,29532,64270,,
2024年01月24日,29615,64653,,
2024年01月25日,29673,64906,,
2024年01月26日,29713,65082,,
2024年01月29日,29904,65690,,
2024年01月30日,30002,66188,,
2024年01月31日,29993,66253,,
2024年02月01日,29565,65319,,
2024年02月02日,29714,65806,,
2024年02月05日,30312,67442,,
2024年02月06日,30336,67531,,
2024年02月07日,30277,67449,,
2024年02月08日,30510,68008,,
2024年02月09日,30777,68776,,
2024年02月13日,30932,69407,,
2024年02月14日,30781,69129,,
2024年02月15日,31080,69973,,
2024年02月16日,31271,70407,,
2024年02月19日,31268,70804,,
2024年02月20日,31268,70866,,
2024年02月21日,31067,70411,,
2024年02月22日,31125,70751,,
2024年02月26日,31787,72439,,
2024年02月27日,31795,72494,,
2024年02月28日,31794,72953,,
2024年02月29日,31768,73073,,
2024年03月01日,31625,72815,,
2024年03月04日,32015,73867,,
2024年03月05日,32089,74383,,
2024年03月06日,31613,73245,,
2024年03月07日,31720,73527,,
2024年03月08日,31895,73971,,
2024年03月11日,31449,73078,,
2024年03月12日,31307,73092,,
2024年03月13日,31805,74526,,
2024年03月14日,31854,74641,,
2024年03月15日,31819,74586,,
2024年03月18日,31741,74589,,
2024年03月19日,31923,75342,,
2024年03月21日,32764,77396,,
2024年03月22日,33022,78042,,
2024年03月25日,32819,77851,,
2024年03月26日,32743,77801,,
2024年03月27日,32750,78196,,
2024年03月28日,32833,78683,,
2024年03月29日,32773,78662,,
2024年04月01日,32770,78737,,
2024年04月02日,32769,78735,,
2024年04月03日,32568,78251,,
2024年04月04日,32758,79244,,
2024年04月05日,32350,78317,,
2024年04月08日,32682,79149,,
2024年04月09日,32807,79566,,
2024年04月10日,32789,80111,,
2024年04月11日,32771,80138,,
2024年04月12日,32996,80949,,
2024年04月15日,32425,79587,,
2024年04月16日,32274,79392,,
2024年04月17日,32240,79656,,
2024年04月18日,32064,79265,,
2024年04月19日,32046,79246,,
2024年04月22日,31692,78409,,
2024年04月23日,32009,79260,,
2024年04月24日,32549,80879,,
2024年04月25日,32639,81263,,
2024年04月26日,32556,81158,,
2024年04月30日,33042,82694,,
2024年05月01日,32909,82666,,
2024年05月02日,32908,83031,,
2024年05月07日,33062,83420,,
2024年05月08日,33286,84394,,
2024年05月09日,33509,85065,,
2024年05月10日,33508,85521,,
2024年05月13日,33821,86320,,
2024年05月14日,33911,87107,,
2024年05月15日,34201,87913,,
2024年05月16日,34225,88032,,
2024年05月17日,34216,88363,,
2024年05月20日,34280,88543,,
2024年05月21日,34279,88578,,
2024年05月22日,34503,89158,,
2024年05月23日,34469,89713,,
2024年05月24日,34360,89471,,
2024年05月27日,34566,90040,,
2024年05月28日,34565,90147,,
2024年05月29日,34564,90145,,
2024年05月30日,34265,90163,,
2024年05月31日,33999,89507,,
2024年06月03日,34204,90064,,
2024年06月04日,34095,89980,,
2024年06月05日,33745,89494,,
2024年06月06日,34600,91807,,
2024年06月07日,34558,91777,,
2024年06月10日,34613,92009,,
2024年06月11日,34729,92526,,
2024年06月12日,34612,93018,,
2024年06月13日,34917,94068,,
2024年06月14日,34882,94018,,
2024年06月17日,34779,93874,,
2024年06月18日,35145,94932,,
2024年06月19日,35243,95572,,
2024年06月20日,35242,95613,,
2024年06月21日,35516,96355,,
2024年06月24日,35471,96546,,
2024年06月25日,35545,96976,,
2024年06月26日,35668,97429,,
2024年06月27日,35859,98288,,
2024年06月28日,35858,98628,,
2024年07月01日,35713,98376,,
2024年07月02日,36004,99335,,
2024年07月03日,36151,100377,,
2024年07月04日,36556,101546,,
2024年07月05日,36555,101530,,
2024年07月08日,36619,101707,,
2024年07月09日,36618,101820,,
2024年07月10日,36625,102628,,
2024年07月11日,37096,104015,,
2024年07月12日,36255,101968,,
2024年07月16日,36184,101812,,
2024年07月17日,36400,102471,,
2024年07月18日,35221,99738,,
2024年07月19日,35204,99751,,
2024年07月22日,35042,99290,,
2024年07月23日,35308,100070,,
2024年07月24日,35041,99677,,
2024年07月25日,33829,96405,,
2024年07月26日,33545,95699,,
2024年07月29日,33874,96973,,
2024年07月30日,33948,97516,,
2024年07月31日,33723,97040,,
2024年08月01日,33455,96347,,
2024年08月02日,32955,95146,,
2024年08月05日,31627,91731,,
2024年08月06日,30298,87870,,
2024年08月07日,30831,88769,,
2024年08月08日,31122,89573,,
2024年08月09日,31969,92277,,
2024年08月13日,32097,93247,,
2024年08月14日,32568,94703,,
2024年08月15日,32718,95430,,
2024年08月16日,32717,95443,,
2024年08月19日,33445,97567,,
2024年08月20日,33485,98198,0.00,9
2024年08月21日,33162,97357,,
2024年08月22日,33168,97680,,
2024年08月23日,33259,98196,,
2024年08月26日,33140,97999,,
2024年08月27日,33073,98056,,
2024年08月28日,33039,98723,,
2024年08月29日,33021,99022,,
2024年08月30日,33145,99516,,
2024年09月02日,33658,101148,,
2024年09月03日,33657,101256,,
2024年09月04日,32773,98598,,
2024年09月05日,32284,97967,,
2024年09月06日,32127,97562,,
2024年09月09日,31308,95178,,
2024年09月10日,31748,96611,,
2024年09月11日,31615,97187,,
2024年09月12日,32042,98866,,
2024年09月13日,32265,99614,,
2024年09月17日,32212,99639,,
2024年09月18日,32568,100803,,
2024年09月19日,32468,100956,,
2024年09月20日,33180,103209,,
2024年09月24日,33234,103434,,
2024年09月25日,33416,104311,,
2024年09月26日,33747,105664,,
2024年09月27日,34126,107292,,
2024年09月30日,33429,105521,,
2024年10月01日,33726,106617,,
2024年10月02日,33493,106205,,
2024年10月03日,34170,108847,,
2024年10月04日,34086,108634,,
2024年10月07日,34815,110996,,
2024年10月08日,34481,109948,,
2024年10月09日,34704,110975,,
2024年10月10日,35125,112959,,
2024年10月11日,34850,112155,,
2024年10月15日,35460,114422,,
2024年10月16日,34837,112428,,
2024年10月17日,34993,113394,,
2024年10月18日,35248,114436,,
2024年10月21日,35262,114523,,
2024年10月22日,35394,115001,,
2024年10月23日,35443,115566,,
2024年10月24日,35392,115595,,
2024年10月25日,35341,115445,,
2024年10月28日,35429,115860,,
2024年10月29日,35735,117260,,
2024年10月30日,35832,118142,,
2024年10月31日,35625,117503,,
2024年11月01日,34743,114662,,
2024年11月05日,34937,115553,,
2024年11月06日,35219,116483,,
2024年11月07日,36235,120483,,
2024年11月08日,36217,120495,,
2024年11月11日,36057,120210,,
2024年11月12日,36460,122141,,
2024年11月13日,36286,121976,,
2024年11月14日,36434,122456,,
2024年11月15日,36408,122423,,
2024年11月18日,35433,119238,,
2024年11月19日,35680,120683,,
2024年11月20日,35811,121251,,
2024年11月21日,35992,122017,,
2024年11月22日,35901,122043,,
2024年11月25日,36129,123077,,
2024年11月26日,36128,123140,,
2024年11月27日,35854,122698,,
2024年11月28日,35333,121324,,
2024年11月29日,35332,121486,,
2024年12月02日,35279,121303,,
2024年12月03日,35469,122164,,
2024年12月04日,35600,123240,,
2024年12月05日,36061,124906,,
2024年12月06日,35952,124565,,
2024年12月09日,36156,125440,,
2024年12月10日,36313,126070,,
2024年12月11日,36246,126766,,
2024年12月12日,36828,129163,,
2024年12月13日,36612,128439,,
2024年12月16日,36941,129652,,
2024年12月17日,37313,131144,,
2024年12月18日,37072,130799,,
2024年12月19日,36203,127736,,
2024年12月20日,36642,129316,,
2024年12月23日,36456,128720,,
2024年12月24日,36994,131008,,
2024年12月25日,36992,131320,,
2024年12月26日,36991,131316,,
2024年12月27日,36990,131312,,
2024年12月30日,37202,132063,,
2025年01月06日,36815,131907,,
2025年01月07日,37233,133532,,
2025年01月08日,36886,133090,,
2025年01月09日,37017,133607,,
2025年01月10日,37015,134170,,
2025年01月14日,36325,131669,,
2025年01月15日,36415,132658,,
2025年01月16日,36645,133730,,
2025年01月17日,36561,133867,,
2025年01月20日,36971,135437,,
2025年01月21日,36970,135487,,
2025年01月22日,37408,137094,,
2025年01月23日,37803,139327,,
2025年01月24日,37934,139860,,
2025年01月27日,37989,140089,,
2025年01月28日,37093,136900,,
2025年01月29日,37610,139693,,
2025年01月30日,37445,139270,,
2025年01月31日,37452,139361,,
2025年02月03日,37532,139735,,
2025年02月04日,37059,138240,,
2025年02月05日,37338,139793,,
2025年02月06日,37188,139290,,
2025年02月07日,37129,139169,,
2025年02月10日,36753,137764,,
2025年02月12日,37181,139650,,
2025年02月13日,37723,142701,,
2025年02月14日,37722,142855,,
2025年02月17日,37536,142194,,
2025年02月18日,37535,142424,,
2025年02月19日,37633,142795,,
2025年02月20日,37342,142201,,
2025年02月21日,36739,139989,,
2025年02月25日,36082,137802,,
2025年02月26日,35702,136641,,
2025年02月27日,35898,137998,,
2025年02月28日,35478,136800,,
2025年03月03日,36068,139196,,
2025年03月04日,35465,137263,,
2025年03月05日,35118,136448,,
2025年03月06日,35802,139104,,
2025年03月07日,34866,135544,,
2025年03月10日,34945,135895,,
2025年03月11日,33687,131291,,
2025年03月12日,33769,132581,,
2025年03月13日,34138,134035,,
2025年03月14日,33549,131885,,
2025年03月17日,34432,135406,,
2025年03月18日,34869,137209,,
2025年03月19日,34604,136885,,
2025年03月21日,34717,137384,,
2025年03月24日,34806,137838,,
2025年03月25日,35522,141131,,
2025年03月26日,35472,141313,,
2025年03月27日,35108,140300,,
2025年03月28日,35124,140822,,
2025年03月31日,34172,137141,,
2025年04月01日,34080,136891,,
2025年04月02日,34195,137644,,
2025年04月03日,34490,139305,,
2025年04月04日,32287,130454,,
2025年04月07日,30463,123125,,
2025年04月08日,30313,122494,,
2025年04月09日,29701,120294,,
2025年04月10日,32377,131808,,
2025年04月11日,30978,126255,,
2025年04月14日,31296,127959,,
2025年04月15日,31453,128673,,
2025年04月16日,31608,129747,,
2025年04月17日,30892,127231,,
2025年04月18日,31105,128198,,
2025年04月21日,31102,128220,,
2025年04月22日,31101,128217,,
2025年04月23日,31217,128692,,
2025年04月24日,32063,132883,,
2025年04月25日,32556,134930,,
2025年04月28日,33008,136911,,
2025年04月30日,32956,137123,,
2025年05月01日,33202,138811,,
2025年05月02日,33201,139157,,
2025年05月07日,33638,140989,,
2025年05月08日,33925,142777,,
2025年05月09日,34483,145270,,
2025年05月12日,34480,146045,,
2025年05月13日,36007,152511,,
2025年05月14日,36063,153414,,
2025年05月15日,35972,152962,,
2025年05月16日,35888,152667,,
2025年05月19日,36091,153994,,
2025年05月20日,36024,153817,,
2025年05月21日,35899,153372,,
2025年05月22日,35289,151234,,
2025年05月23日,35403,151974,,
2025年05月26日,34922,149950,,
2025年05月27日,34920,150057,,
2025年05月28日,35984,154628,,
2025年05月29日,35877,155257,,
2025年05月30日,35876,155369,,
2025年06月02日,35757,154857,,
2025年06月03日,35683,154630,,
2025年06月04日,36034,156838,,
2025年06月05日,35927,156423,,
2025年06月06日,36000,156727,,
2025年06月09日,36483,158853,,
2025年06月10日,36482,158895,,
2025年06月11日,36737,160005,,
2025年06月12日,36712,161145,,
2025年06月13日,36530,160406,,
2025年06月16日,36189,159222,,
2025年06月17日,36682,161461,,
2025年06月18日,36393,160697,,
2025年06月19日,36409,160821,,
2025年06月20日,36407,160840,,
2025年06月23日,36454,161045,,
2025年06月24日,36453,161485,,
2025年06月25日,36971,163780,,
2025年06月26日,37027,164544,,
2025年06月27日,37141,165484,,
2025年06月30日,37482,167434,,
2025年07月01日,37416,167237,,
2025年07月02日,37143,166359,,
2025年07月03日,37314,167621,,
2025年07月04日,37888,170236,,
2025年07月07日,37885,170256,,
2025年07月08日,37900,170325,,
2025年07月09日,38056,171441,,
2025年07月10日,38251,172969,,
2025年07月11日,38292,173247,,
2025年07月14日,38353,173819,,
2025年07月15日,38517,174604,,
2025年07月16日,38615,175306,,
2025年07月17日,38466,175228,,
2025年07月18日,38900,177308,,
2025年07月22日,38640,176114,,
2025年07月23日,38367,174950,,
2025年07月24日,38916,177973,,
2025年07月25日,38907,178136,,
2025年07月28日,39118,179226,,
2025年07月29日,39231,180170,,
2025年07月30日,39017,179876,,
2025年07月31日,39147,180469,,
2025年08月01日,39343,181411,,
2025年08月04日,38016,175544,,
2025年08月05日,38589,178701,,
2025年08月06日,38423,178026,,
2025年08月07日,38620,179045,,
2025年08月08日,38685,179440,,
2025年08月12日,39000,181252,,
2025年08月13日,39327,183406,,
2025年08月14日,39350,184112,,
2025年08月15日,39349,184164,,
2025年08月18日,39346,184239,,
2025年08月19日,39419,184581,,
2025年08月20日,39163,184184,0.00,10
2025年08月21日,38982,183408,,
2025年08月22日,39104,184338,,
2025年08月25日,39306,185576,,
2025年08月26日,39312,185644,,
2025年08月27日,39238,185872,,
2025年08月28日,39253,186389,,
2025年08月29日,39285,186718,,
2025年09月01日,39026,185583,,
2025年09月02日,39025,185703,,
2025年09月03日,39082,185973,,
2025年09月04日,39203,187288,,
2025年09月05日,39563,189021,,
2025年09月08日,39477,188588,,
2025年09月09日,39591,189232,,
2025年09月10日,39647,190421,,
2025年09月11日,39638,190465,,
2025年09月12日,39990,192442,,
2025年09月16日,40265,193781,,
2025年09月17日,40066,193249,,
2025年09月18日,40041,193670,,
2025年09月19日,40540,196072,,
2025年09月22日,40520,196011,,
2025年09月24日,40410,195505,,
2025年09月25日,40574,196777,,
2025年09月26日,40441,196497,,
2025年09月29日,40569,197646,,
2025年09月30日,40486,197743,,
2025年10月01日,40402,197577,,
2025年10月02日,40483,198282,,
2025年10月03日,40596,199356,,
2025年10月06日,40733,200090,,
2025年10月07日,41628,204476,,
2025年10月08日,41832,205585,,
2025年10月09日,42281,208073,,
2025年10月10日,42240,208468,,
2025年10月14日,41612,205404,,
2025年10月15日,41389,204608,,
2025年10月16日,41494,205404,,
2025年10月17日,41264,204721,,
2025年10月20日,41367,205497,,
2025年10月21日,41866,208006,,
2025年10月22日,42160,209898,,
2025年10月23日,41897,208826,,
2025年10月24日,42339,211027,,
2025年10月27日,42557,212131,,
2025年10月28日,43073,214838,,
2025年10月29日,42843,214610,,
2025年10月30日,43054,215836,,
2025年10月31日,42848,214855,,
2025年11月04日,42966,215466,,
2025年11月05日,42218,211984,,
2025年11月06日,42536,214141,,
2025年11月07日,41846,210785,,
2025年11月10日,41925,211214,,
2025年11月11日,42826,216085,,
2025年11月12日,42964,217754,,
2025年11月13日,43282,219467,,
2025年11月14日,42509,215808,,
2025年11月17日,42317,214793,,
2025年11月18日,42127,214091,,
2025年11月19日,41847,213189,,
2025年11月20日,42182,214963,,
2025年11月21日,41812,213125,,
2025年11月25日,42396,216478,,
2025年11月26日,42747,218585,,
2025年11月27日,43155,221286,,
2025年11月28日,43153,221746,,
2025年12月01日,43272,222354,,
2025年12月02日,42722,219927,,
2025年12月03日,42957,221902,,
2025年12月04日,43004,222155,,
2025年12月05日,43036,222372,,
2025年12月08日,43147,222940,,
2025年12月09日,43220,223430,,
2025年12月10日,43366,225125,,
2025年12月11日,43421,225505,,
2025年12月12日,43461,226114,,
2025年12月15日,43163,224600,,
2025年12月16日,42981,223939,,
2025年12月17日,42776,223628,,
2025年12月18日,42570,222659,,
2025年12月19日,42995,224917,,
2025年12月22日,43852,229633,,
2025年12月23日,43949,230270,,
2025年12月24日,43940,230722,,
2025年12月25日,43938,230951,,
2025年12月26日,43937,230944,,
2025年12月29日,43933,230923,,
2025年12月30日,43858,230528,,
2026年01月05日,44078,233049,,
2026年01月06日,44566,235707,,
2026年01月07日,44940,238640,,
2026年01月08日,44889,238329,,
2026年01月09日,44798,237890,,
2026年01月13日,45643,243222,,
2026年01月14日,45706,243714,,
2026年01月15日,45280,242191,,
2026年01月16日,45369,242689,,
2026年01月19日,45324,242956,,
2026年01月20日,45322,242981,,
2026年01月21日,44471,238416,,
2026年01月22日,44927,241570,,
2026年01月23日,45227,243453,,
2026年01月26日,44634,240300,,
2026年01月27日,44256,238265,,
2026年01月28日,44149,238632,,
2026年01月29日,44229,239303,,
2026年01月30日,44310,239898,,
2026年02月02日,44297,239912,,
2026年02月03日,44673,241958,,
2026年02月04日,44181,240059,,
2026年02月05日,44278,240577,,
2026年02月06日,43688,237431,,
2026年02月09日,44608,242560,,
2026年02月10日,44722,243258,,
2026年02月12日,43904,239811,,
2026年02月13日,43080,235652,,
2026年02月16日,43060,235866,,
2026年02月17日,43059,236006,,
2026年02月18日,43221,236894,,
2026年02月19日,43979,241689,,
2026年02月20日,43986,241779,,
2026年02月24日,43686,240192,,
2026年02月25日,44371,244343,,
2026年02月26日,44925,247821,,
2026年02月27日,44801,247643,,
2026年03月02日,44732,247697,,
2026年03月03日,44690,247681,,
2026年03月04日,43793,243607,,
2026年03月05日,43906,244163,,
2026年03月06日,43715,243025,,
2026年03月09日,43393,241284,,
2026年03月10日,43604,242532,,
2026年03月11日,43799,244646,,
2026年03月12日,44058,246431,,
