基準日,基準価額,分配金,純資産総額
2022/03/29,10000,-,0.01
2022/03/30,9985,-,0.00
2022/03/31,9916,-,0.00
2022/04/01,9750,-,0.00
2022/04/04,9791,-,0.00
2022/04/05,9888,-,0.00
2022/04/06,9867,-,0.00
2022/04/07,9753,-,0.00
2022/04/08,9811,-,0.00
2022/04/11,9851,-,0.00
2022/04/12,9754,-,0.00
2022/04/13,9721,-,0.00
2022/04/14,9831,-,0.00
2022/04/15,9771,-,0.00
2022/04/18,9795,-,0.00
2022/04/19,9851,-,0.00
2022/04/20,10170,-,0.01
2022/04/21,10071,-,0.01
2022/04/22,9954,-,0.00
2022/04/25,9689,-,0.00
2022/04/26,9657,-,0.00
2022/04/27,9381,-,0.00
2022/04/28,9498,-,0.00
2022/05/02,9461,-,0.00
2022/05/06,9535,-,0.00
2022/05/09,9502,-,0.00
2022/05/10,9145,-,0.00
2022/05/11,9183,-,0.00
2022/05/12,9001,-,0.00
2022/05/13,8927,-,0.00
2022/05/16,9197,-,0.00
2022/05/17,9133,-,0.00
2022/05/18,9324,-,0.00
2022/05/19,8890,-,0.00
2022/05/20,8796,-,0.00
2022/05/23,8795,-,0.00
2022/05/24,8965,-,0.00
2022/05/25,8839,-,0.00
2022/05/26,8954,-,0.00
2022/05/27,9094,-,0.00
2022/05/30,9317,-,0.00
2022/05/31,9404,-,0.00
2022/06/01,9403,-,0.00
2022/06/02,9409,-,0.00
2022/06/03,9568,-,0.00
2022/06/06,9484,-,0.00
2022/06/07,9614,-,0.00
2022/06/08,9745,-,0.00
2022/06/09,9759,-,0.00
2022/06/10,9512,-,0.00
2022/06/13,9287,-,0.00
2022/06/14,8877,-,0.00
2022/06/15,8911,-,0.00
2022/06/16,8990,-,0.00
2022/06/17,8628,-,0.00
2022/06/20,8774,-,0.00
2022/06/21,8772,-,0.00
2022/06/22,9079,-,0.00
2022/06/23,9043,-,0.00
2022/06/24,9068,-,0.00
2022/06/27,9308,-,0.00
2022/06/28,9334,-,0.00
2022/06/29,9188,-,0.00
2022/06/30,9218,-,0.00
2022/07/01,9096,-,0.00
2022/07/04,9122,-,0.00
2022/07/05,9200,-,0.00
2022/07/06,9189,-,0.00
2022/07/07,9234,-,0.00
2022/07/08,9383,-,0.00
2022/07/11,9404,-,0.00
2022/07/12,9350,-,0.00
2022/07/13,9251,-,0.00
2022/07/14,9270,-,0.00
2022/07/15,9310,-,0.00
2022/07/19,9364,-,0.00
2022/07/20,9609,-,0.00
2022/07/21,9692,-,0.00
2022/07/22,9708,-,0.00
2022/07/25,9571,-,0.00
2022/07/26,9570,-,0.00
2022/07/27,9494,-,0.00
2022/07/28,9686,-,0.00
2022/07/29,9687,-,0.00
2022/08/01,9707,-,0.00
2022/08/02,9528,-,0.00
2022/08/03,9674,-,0.05
2022/08/04,9818,-,0.34
2022/08/05,9762,-,0.39
2022/08/08,9915,-,0.52
2022/08/09,9874,-,0.67
2022/08/10,9858,-,0.83
2022/08/12,9922,-,1.02
2022/08/15,10060,-,1.41
2022/08/16,10120,-,1.66
2022/08/17,10226,-,2.11
2022/08/18,10195,-,2.54
2022/08/19,10331,-,3.08
2022/08/22,10259,-,3.55
2022/08/23,10054,-,3.83
2022/08/24,10005,-,4.24
2022/08/25,10039,-,4.79
2022/08/26,10164,-,5.07
2022/08/29,9931,-,5.19
2022/08/30,9888,-,5.56
2022/08/31,9779,-,6.56
2022/09/01,9768,-,7.20
2022/09/02,9841,-,7.53
2022/09/05,9754,-,7.86
2022/09/06,9749,-,8.17
2022/09/07,9907,-,8.30
2022/09/08,10180,-,8.94
2022/09/09,10197,-,9.15
2022/09/12,10288,-,9.45
2022/09/13,10378,-,9.39
2022/09/14,10066,-,9.50
2022/09/15,10024,-,9.54
2022/09/16,9893,-,10.33
2022/09/20,9906,-,10.72
2022/09/21,9821,-,11.79
2022/09/22,9707,-,12.57
2022/09/26,9436,-,12.74
2022/09/27,9371,-,13.18
2022/09/28,9361,-,13.92
2022/09/29,9517,-,14.70
2022/09/30,9351,-,15.09
2022/10/03,9211,-,15.52
2022/10/04,9442,-,16.54
2022/10/05,9678,-,17.56
2022/10/06,9703,-,17.94
2022/10/07,9625,-,18.36
2022/10/11,9343,-,18.09
2022/10/12,9307,-,18.18
2022/10/13,9324,-,18.87
2022/10/14,9602,-,19.58
2022/10/17,9458,-,19.54
2022/10/18,9718,-,20.17
2022/10/19,9851,-,20.84
2022/10/20,9837,-,20.88
2022/10/21,9771,-,20.72
2022/10/24,9924,-,21.32
2022/10/25,10046,-,21.80
2022/10/26,10151,-,22.40
2022/10/27,9930,-,22.08
2022/10/28,9916,-,22.15
2022/10/31,10258,-,23.20
2022/11/01,10221,-,23.24
2022/11/02,10102,-,22.99
2022/11/04,9793,-,22.33
2022/11/07,9844,-,22.53
2022/11/08,9907,-,23.22
2022/11/09,9910,-,23.58
2022/11/10,9748,-,23.68
2022/11/11,9961,-,24.41
2022/11/14,9897,-,24.59
2022/11/15,9871,-,25.94
2022/11/16,9895,-,26.28
2022/11/17,9818,-,26.52
2022/11/18,9840,-,26.75
2022/11/21,9891,-,27.18
2022/11/22,9975,-,27.57
2022/11/24,9969,-,28.12
2022/11/25,9958,-,28.16
2022/11/28,9956,-,28.16
2022/11/29,9786,-,28.20
2022/11/30,9767,-,28.53
2022/12/01,9938,-,29.54
2022/12/02,9827,-,29.63
2022/12/05,9753,-,29.61
2022/12/06,9708,-,29.61
2022/12/07,9622,-,29.71
2022/12/08,9552,-,29.58
2022/12/09,9653,-,30.05
2022/12/12,9569,-,29.93
2022/12/13,9778,-,30.66
2022/12/14,9685,-,30.94
2022/12/15,9627,-,30.88
2022/12/16,9544,-,30.75
2022/12/19,9325,-,30.48
2022/12/20,9132,-,30.34
2022/12/21,8953,-,30.14
2022/12/22,9122,-,31.03
2022/12/23,9023,-,31.05
2022/12/26,9046,-,31.60
2022/12/27,9108,-,32.03
2022/12/28,9119,-,32.07
2022/12/29,9025,-,33.09
2022/12/30,9082,-,33.87
2023/01/04,8910,-,33.61
2023/01/05,9056,-,34.38
2023/01/06,9058,-,35.02
2023/01/10,9128,-,35.49
2023/01/11,9230,-,36.01
2023/01/12,9320,-,36.72
2023/01/13,9160,-,36.20
2023/01/16,9100,-,36.12
2023/01/17,9139,-,36.41
2023/01/18,9305,-,37.07
2023/01/19,8982,-,36.38
2023/01/20,8930,-,36.25
2023/01/23,9139,-,37.24
2023/01/24,9327,-,38.46
2023/01/25,9319,-,38.66
2023/01/26,9237,-,38.37
2023/01/27,9362,-,39.17
2023/01/30,9422,-,39.55
2023/01/31,9327,-,39.32
2023/02/01,9420,-,40.39
2023/02/02,9417,-,40.83
2023/02/03,9573,-,42.03
2023/02/06,9742,-,42.86
2023/02/07,9697,-,42.43
2023/02/08,9700,-,42.31
2023/02/09,9645,-,41.20
2023/02/10,9566,-,40.68
2023/02/13,9594,-,40.86
2023/02/14,9747,-,41.82
2023/02/15,9780,-,42.01
2023/02/16,9910,-,42.73
2023/02/17,9792,-,42.45
2023/02/20,9769,-,42.48
2023/02/21,9759,-,42.55
2023/02/22,9605,-,41.88
2023/02/24,9590,-,42.35
2023/02/27,9636,-,42.83
2023/02/28,9671,-,43.59
2023/03/01,9648,-,44.15
2023/03/02,9586,-,44.21
2023/03/03,9698,-,45.10
2023/03/06,9799,-,45.74
2023/03/07,9822,-,45.91
2023/03/08,9758,-,45.84
2023/03/09,9754,-,45.64
2023/03/10,9500,-,44.40
2023/03/13,9248,-,43.60
2023/03/14,9157,-,43.65
2023/03/15,9410,-,45.42
2023/03/16,9254,-,45.09
2023/03/17,9433,-,46.53
2023/03/20,9270,-,46.20
2023/03/22,9463,-,47.74
2023/03/23,9195,-,47.04
2023/03/24,9204,-,47.27
2023/03/27,9256,0,47.79
2023/03/28,9271,-,48.07
2023/03/29,9300,-,48.96
2023/03/30,9522,-,50.28
2023/03/31,9647,-,51.06
2023/04/03,9758,-,51.80
2023/04/04,9756,-,51.97
2023/04/05,9624,-,51.44
2023/04/06,9573,-,50.95
2023/04/07,9652,-,51.40
2023/04/10,9713,-,51.79
2023/04/11,9785,-,52.17
2023/04/12,9808,-,52.71
2023/04/13,9735,-,52.25
2023/04/14,9811,-,52.63
2023/04/17,9886,-,53.12
2023/04/18,9961,-,53.34
2023/04/19,9945,-,53.65
2023/04/20,10001,-,53.77
2023/04/21,9898,-,53.30
2023/04/24,9893,-,53.64
2023/04/25,9917,-,53.77
2023/04/26,9722,-,52.76
2023/04/27,9679,-,52.63
2023/04/28,9897,-,54.06
2023/05/01,10179,-,55.96
2023/05/02,10237,-,56.36
2023/05/08,9976,-,55.42
2023/05/09,9994,-,55.38
2023/05/10,9936,-,55.10
2023/05/11,9909,-,54.93
2023/05/12,9930,-,55.36
2023/05/15,10020,-,56.02
2023/05/16,10050,-,56.42
2023/05/17,10019,-,56.68
2023/05/18,10223,-,57.70
2023/05/19,10381,-,58.71
2023/05/22,10314,-,58.45
2023/05/23,10373,-,58.62
2023/05/24,10268,-,58.18
2023/05/25,10258,-,58.06
2023/05/26,10374,-,58.56
2023/05/29,10575,-,60.08
2023/05/30,10538,-,60.09
2023/05/31,10501,-,59.88
2023/06/01,10397,-,59.93
2023/06/02,10485,-,60.81
2023/06/05,10728,-,62.64
2023/06/06,10663,-,62.38
2023/06/07,10680,-,62.25
2023/06/08,10676,-,62.07
2023/06/09,10678,-,62.37
2023/06/12,10712,-,62.46
2023/06/13,10832,-,63.29
2023/06/14,10937,-,64.72
2023/06/15,10973,-,64.81
2023/06/16,11102,-,66.08
2023/06/19,11190,-,67.56
2023/06/20,11211,-,68.27
2023/06/21,11113,-,67.68
2023/06/22,11080,-,68.70
2023/06/23,11216,-,70.15
2023/06/26,11155,-,70.23
2023/06/27,11116,-,70.18
2023/06/28,11261,-,72.07
2023/06/29,11294,-,72.78
2023/06/30,11395,-,73.88
2023/07/03,11496,-,74.40
2023/07/04,11514,-,75.15
2023/07/05,11514,-,75.74
2023/07/06,11484,-,75.54
2023/07/07,11370,-,75.27
2023/07/10,11211,-,74.36
2023/07/11,11153,-,74.30
2023/07/12,11105,-,74.36
2023/07/13,11091,-,74.42
2023/07/14,11134,-,74.93
2023/07/18,11234,-,76.13
2023/07/19,11327,-,77.02
2023/07/20,11406,-,78.40
2023/07/21,11362,-,78.24
2023/07/24,11506,-,79.75
2023/07/25,11532,-,80.19
2023/07/26,11527,-,80.53
2023/07/27,11461,-,80.49
2023/07/28,11323,-,79.69
2023/07/31,11550,-,81.72
2023/08/01,11689,-,83.15
2023/08/02,11723,-,83.92
2023/08/03,11580,-,83.36
2023/08/04,11503,-,82.83
2023/08/07,11349,-,82.02
2023/08/08,11560,-,83.76
2023/08/09,11544,-,84.00
2023/08/10,11503,-,84.09
2023/08/14,11587,-,85.34
2023/08/15,11698,-,86.73
2023/08/16,11574,-,86.11
2023/08/17,11549,-,86.42
2023/08/18,11400,-,85.69
2023/08/21,11370,-,85.59
2023/08/22,11522,-,87.12
2023/08/23,11447,-,87.38
2023/08/24,11505,-,88.12
2023/08/25,11457,-,88.21
2023/08/28,11560,-,89.22
2023/08/29,11631,-,90.45
2023/08/30,11762,-,92.27
2023/08/31,11820,-,92.75
2023/09/01,11765,-,92.19
2023/09/04,11831,-,92.88
2023/09/05,11854,-,93.51
2023/09/06,11910,-,93.95
2023/09/07,11834,-,93.87
2023/09/08,11724,-,93.47
2023/09/11,11738,-,94.10
2023/09/12,11797,-,94.77
2023/09/13,11779,-,95.25
2023/09/14,11781,-,95.42
2023/09/15,11919,-,97.09
2023/09/19,11792,-,96.67
2023/09/20,11775,-,97.14
2023/09/21,11711,-,97.19
2023/09/22,11461,-,95.70
2023/09/25,11499,-,96.74
2023/09/26,11580,-,98.23
2023/09/27,11421,-,97.69
2023/09/28,11467,-,98.57
2023/09/29,11530,-,99.93
2023/10/02,11515,-,100.46
2023/10/03,11526,-,101.06
2023/10/04,11322,-,100.19
2023/10/05,11381,-,100.91
2023/10/06,11358,-,100.89
2023/10/10,11555,-,103.21
2023/10/11,11619,-,104.02
2023/10/12,11718,-,105.59
2023/10/13,11698,-,105.52
2023/10/16,11613,-,104.92
2023/10/17,11735,-,106.42
2023/10/18,11754,-,107.54
2023/10/19,11599,-,106.44
2023/10/20,11508,-,105.66
2023/10/23,11359,-,104.79
2023/10/24,11330,-,105.26
2023/10/25,11430,-,106.61
2023/10/26,11288,-,105.63
2023/10/27,11161,-,105.10
2023/10/30,11070,-,105.07
2023/10/31,11177,-,106.80
2023/11/01,11397,-,109.54
2023/11/02,11453,-,110.52
2023/11/06,11704,-,113.66
2023/11/07,11759,-,114.58
2023/11/08,11837,-,116.03
2023/11/09,11882,-,116.16
2023/11/10,11815,-,115.46
2023/11/13,12024,-,117.49
2023/11/14,12019,-,117.75
2023/11/15,12160,-,119.46
2023/11/16,12236,-,120.24
2023/11/17,12206,-,120.10
2023/11/20,12156,-,119.98
2023/11/21,12103,-,120.08
2023/11/22,12092,-,120.30
2023/11/24,12245,-,121.91
2023/11/27,12243,-,122.08
2023/11/28,12109,-,121.30
2023/11/29,12021,-,121.45
2023/11/30,12022,-,121.83
2023/12/01,12136,-,123.07
2023/12/04,12086,-,123.18
2023/12/05,12082,-,123.76
2023/12/06,12086,-,124.08
2023/12/07,12032,-,123.86
2023/12/08,11805,-,121.75
2023/12/11,12032,-,124.41
2023/12/12,12119,-,125.52
2023/12/13,12154,-,126.67
2023/12/14,12055,-,125.78
2023/12/15,12089,-,126.33
2023/12/18,12063,-,126.31
2023/12/19,12160,-,128.05
2023/12/20,12346,-,130.23
2023/12/21,12120,-,128.10
2023/12/22,12147,-,129.50
2023/12/25,12158,-,129.87
2023/12/26,12161,-,130.05
2023/12/27,12258,-,131.08
2023/12/28,12195,-,131.84
2023/12/29,12199,-,132.49
2024/01/04,12136,-,132.15
2024/01/05,12229,-,133.56
2024/01/09,12334,-,138.39
2024/01/10,12377,-,141.22
2024/01/11,12530,-,145.41
2024/01/12,12493,-,147.55
2024/01/15,12490,-,148.94
2024/01/16,12554,-,151.90
2024/01/17,12638,-,152.92
2024/01/18,12638,-,158.25
2024/01/19,12743,-,161.31
2024/01/22,12901,-,165.31
2024/01/23,12925,-,167.44
2024/01/24,12965,-,172.72
2024/01/25,12948,-,174.62
2024/01/26,13002,-,177.13
2024/01/29,13041,-,180.27
2024/01/30,13063,-,182.79
2024/01/31,13071,-,185.95
2024/02/01,12800,-,183.94
2024/02/02,12930,-,187.60
2024/02/05,13270,-,195.17
2024/02/06,13220,-,196.09
2024/02/07,13181,-,198.08
2024/02/08,13313,-,201.12
2024/02/09,13446,-,205.26
2024/02/13,13499,-,207.35
2024/02/14,13431,-,207.82
2024/02/15,13544,-,214.14
2024/02/16,13605,-,217.11
2024/02/19,13520,-,219.82
2024/02/20,13552,-,221.88
2024/02/21,13452,-,220.24
2024/02/22,13504,-,228.08
2024/02/26,13777,-,234.48
2024/02/27,13752,-,236.01
2024/02/28,13761,-,241.21
2024/02/29,13755,-,243.25
2024/03/01,13795,-,246.02
2024/03/04,13886,-,250.02
2024/03/05,13901,-,252.85
2024/03/06,13727,-,251.77
2024/03/07,13703,-,253.39
2024/03/08,13737,-,255.55
2024/03/11,13553,-,253.22
2024/03/12,13541,-,255.35
2024/03/13,13756,-,262.95
2024/03/14,13744,-,263.95
2024/03/15,13792,-,266.37
2024/03/18,13769,-,267.53
2024/03/19,13853,-,271.92
2024/03/21,14197,-,280.50
2024/03/22,14319,-,283.66
2024/03/25,14284,-,286.33
2024/03/26,14231,0,286.88
2024/03/27,14214,-,290.20
2024/03/28,14332,-,294.49
2024/03/29,14336,-,296.30
2024/04/01,14339,-,298.39
2024/04/02,14342,-,298.45
2024/04/03,14225,-,299.96
2024/04/04,14254,-,301.40
2024/04/05,14009,-,296.96
2024/04/08,14240,-,303.03
2024/04/09,14253,-,305.09
2024/04/10,14259,-,306.59
2024/04/11,14235,-,306.66
2024/04/12,14349,-,311.66
2024/04/15,14177,-,308.91
2024/04/16,14093,-,308.44
2024/04/17,14098,-,312.18
2024/04/18,13987,-,310.65
2024/04/19,13983,-,312.38
2024/04/22,13865,-,310.72
2024/04/23,13991,-,314.92
2024/04/24,14158,-,323.37
2024/04/25,14223,-,326.04
2024/04/26,14179,-,326.09
2024/04/30,14474,-,335.54
2024/05/01,14345,-,334.47
2024/05/02,14130,-,333.14
2024/05/07,14398,-,342.02
2024/05/08,14497,-,345.55
2024/05/09,14562,-,349.04
2024/05/10,14643,-,351.56
2024/05/13,14695,-,353.87
2024/05/14,14729,-,356.55
2024/05/15,14817,-,359.58
2024/05/16,14745,-,358.58
2024/05/17,14873,-,364.14
2024/05/20,14922,-,366.31
2024/05/21,14993,-,369.14
2024/05/22,15015,-,374.28
2024/05/23,15031,-,375.91
2024/05/24,14943,-,374.70
2024/05/27,15020,-,377.85
2024/05/28,15027,-,379.67
2024/05/29,15075,-,380.89
2024/05/30,14985,-,384.75
2024/05/31,14814,-,379.82
2024/06/03,14976,-,385.50
2024/06/04,14926,-,386.17
2024/06/05,14838,-,386.42
2024/06/06,15060,-,392.89
2024/06/07,15060,-,394.34
2024/06/10,15161,-,398.66
2024/06/11,15233,-,401.54
2024/06/12,15263,-,406.25
2024/06/13,15360,-,409.52
2024/06/14,15437,-,413.49
2024/06/17,15456,-,415.14
2024/06/18,15597,-,420.02
2024/06/19,15657,-,425.60
2024/06/20,15677,-,427.14
2024/06/21,15730,-,428.58
2024/06/24,15782,-,436.19
2024/06/25,15703,-,436.08
2024/06/26,15785,-,441.38
2024/06/27,15909,-,447.63
2024/06/28,15952,-,450.90
2024/07/01,15904,-,451.39
2024/07/02,15996,-,455.13
2024/07/03,16085,-,462.68
2024/07/04,16152,-,465.37
2024/07/05,16122,-,466.10
2024/07/08,16173,-,467.56
2024/07/09,16207,-,472.15
2024/07/10,16280,-,476.45
2024/07/11,16466,-,482.98
2024/07/12,16059,-,475.41
2024/07/16,16126,-,479.12
2024/07/17,16239,-,484.99
2024/07/18,15741,-,475.42
2024/07/19,15781,-,478.70
2024/07/22,15674,-,476.88
2024/07/23,15763,-,480.82
2024/07/24,15651,-,482.64
2024/07/25,15043,-,465.27
2024/07/26,15040,-,466.92
2024/07/29,15169,-,474.49
2024/07/30,15214,-,477.65
2024/07/31,14976,-,473.39
2024/08/01,14932,-,473.49
2024/08/02,14720,-,468.58
2024/08/05,14059,-,450.10
2024/08/06,13593,-,435.43
2024/08/07,13928,-,446.26
2024/08/08,13742,-,441.13
2024/08/09,14199,-,457.28
2024/08/13,14237,-,459.80
2024/08/14,14457,-,468.27
2024/08/15,14538,-,476.04
2024/08/16,14951,-,491.13
2024/08/19,14861,-,492.09
2024/08/20,14857,-,494.00
2024/08/21,14742,-,492.07
2024/08/22,14785,-,497.02
2024/08/23,14741,-,496.42
2024/08/26,14633,-,494.13
2024/08/27,14720,-,498.06
2024/08/28,14684,-,500.72
2024/08/29,14624,-,499.80
2024/08/30,14651,-,501.65
2024/09/02,14946,-,512.52
2024/09/03,15041,-,516.72
2024/09/04,14549,-,499.82
2024/09/05,14366,-,497.11
2024/09/06,14267,-,493.68
2024/09/09,13978,-,484.65
2024/09/10,14215,-,493.34
2024/09/11,14139,-,490.88
2024/09/12,14363,-,501.71
2024/09/13,14339,-,501.36
2024/09/17,14360,-,503.12
2024/09/18,14450,-,506.82
2024/09/19,14613,-,516.33
2024/09/20,14771,-,522.35
2024/09/24,14884,-,527.00
2024/09/25,14879,-,530.40
2024/09/26,14984,-,536.15
2024/09/27,15140,-,544.84
2024/09/30,14830,-,534.76
2024/10/01,15037,-,543.47
2024/10/02,14881,-,541.18
2024/10/03,15214,-,555.11
2024/10/04,15146,-,552.92
2024/10/07,15468,-,565.25
2024/10/08,15261,-,558.07
2024/10/09,15445,-,564.93
2024/10/10,15677,-,573.80
2024/10/11,15563,-,569.91
2024/10/15,15890,-,584.26
2024/10/16,15729,-,578.81
2024/10/17,15840,-,586.73
2024/10/18,15889,-,589.57
2024/10/21,15878,-,589.11
2024/10/22,15989,-,594.35
2024/10/23,16048,-,600.06
2024/10/24,16050,-,600.92
2024/10/25,16017,-,599.72
2024/10/28,16148,-,605.12
2024/10/29,16136,-,607.30
2024/10/30,16202,-,612.96
2024/10/31,16183,-,611.90
2024/11/01,15718,-,594.77
2024/11/05,15779,-,596.24
2024/11/06,16016,-,608.13
2024/11/07,16612,-,633.02
2024/11/08,16574,-,631.81
2024/11/11,16641,-,634.77
2024/11/12,16732,-,638.48
2024/11/13,16807,-,644.77
2024/11/14,16899,-,648.04
2024/11/15,16914,-,649.30
2024/11/18,16428,-,631.20
2024/11/19,16508,-,637.52
2024/11/20,16619,-,642.90
2024/11/21,16643,-,644.67
2024/11/22,16669,-,649.74
2024/11/25,16696,-,653.08
2024/11/26,16746,-,656.28
2024/11/27,16694,-,657.70
2024/11/28,16511,-,651.76
2024/11/29,16399,-,648.51
2024/12/02,16435,-,649.95
2024/12/03,16449,-,652.83
2024/12/04,16441,-,657.79
2024/12/05,16602,-,665.01
2024/12/06,16537,-,662.95
2024/12/09,16556,-,665.20
2024/12/10,16642,-,669.79
2024/12/11,16628,-,670.61
2024/12/12,16823,-,681.52
2024/12/13,16800,-,682.10
2024/12/16,16899,-,686.90
2024/12/17,17004,-,692.80
2024/12/18,16880,-,691.68
2024/12/19,16510,-,676.98
2024/12/20,16816,-,690.41
2024/12/23,16868,-,694.79
2024/12/24,17069,-,708.03
2024/12/25,17250,-,719.04
2024/12/26,17255,-,720.48
2024/12/27,17331,-,723.67
2024/12/30,17141,-,719.67
2025/01/06,17014,-,716.48
2025/01/07,17162,-,725.81
2025/01/08,16958,-,729.24
2025/01/09,17020,-,735.23
2025/01/10,16994,-,736.56
2025/01/14,16696,-,723.68
2025/01/15,16770,-,733.70
2025/01/16,16903,-,743.97
2025/01/17,16737,-,741.47
2025/01/20,16995,-,755.25
2025/01/21,16997,-,757.37
2025/01/22,17085,-,761.28
2025/01/23,17295,-,780.10
2025/01/24,17368,-,785.02
2025/01/27,17239,-,780.94
2025/01/28,16937,-,768.63
2025/01/29,17152,-,784.95
2025/01/30,16971,-,779.30
2025/01/31,17024,-,783.52
2025/02/03,17080,-,788.23
2025/02/04,16912,-,785.10
2025/02/05,16894,-,789.16
2025/02/06,16800,-,786.27
2025/02/07,16717,-,784.94
2025/02/10,16631,-,782.77
2025/02/12,16894,-,796.57
2025/02/13,16987,-,806.12
2025/02/14,16976,-,807.47
2025/02/17,16878,-,804.55
2025/02/18,16851,-,804.80
2025/02/19,16946,-,809.36
2025/02/20,16874,-,811.86
2025/02/21,16662,-,802.72
2025/02/25,16338,-,791.21
2025/02/26,16120,-,782.92
2025/02/27,16157,-,790.16
2025/02/28,15947,-,782.94
2025/03/03,16297,-,802.37
2025/03/04,15875,-,785.06
2025/03/05,15746,-,782.50
2025/03/06,15856,-,789.05
2025/03/07,15450,-,769.84
2025/03/10,15465,-,771.44
2025/03/11,14979,-,748.18
2025/03/12,15007,-,753.48
2025/03/13,15105,-,758.99
2025/03/14,14900,-,749.14
2025/03/17,15269,-,769.07
2025/03/18,15439,-,778.88
2025/03/19,15292,-,776.52
2025/03/21,15360,-,780.97
2025/03/24,15449,-,786.97
2025/03/25,15840,-,813.07
2025/03/26,15787,0,812.22
2025/03/27,15650,-,808.74
2025/03/28,15653,-,810.84
2025/03/31,15183,-,787.86
2025/04/01,15299,-,795.44
2025/04/02,15359,-,800.90
2025/04/03,15256,-,798.07
2025/04/04,14342,-,750.71
2025/04/07,13464,-,705.36
2025/04/08,13616,-,714.47
2025/04/09,13186,-,692.40
2025/04/10,14591,-,768.04
2025/04/11,13766,-,726.13
2025/04/14,13984,-,742.34
2025/04/15,14136,-,751.37
2025/04/16,14043,-,748.53
2025/04/17,13690,-,732.80
2025/04/18,13702,-,734.49
2025/04/21,13585,-,729.10
2025/04/22,13239,-,710.55
2025/04/23,13681,-,739.50
2025/04/24,13993,-,757.33
2025/04/25,14292,-,773.62
2025/04/28,14452,-,783.24
2025/04/30,14434,-,785.22
2025/05/01,14506,-,792.11
2025/05/02,14897,-,815.71
2025/05/07,14603,-,802.35
2025/05/08,14729,-,809.70
2025/05/09,15039,-,828.83
2025/05/12,15045,-,829.75
2025/05/13,15743,-,868.76
2025/05/14,15796,-,874.79
2025/05/15,15700,-,870.83
2025/05/16,15639,-,867.45
2025/05/19,15735,-,875.95
2025/05/20,15792,-,879.97
2025/05/21,15618,-,871.19
2025/05/22,15269,-,855.39
2025/05/23,15320,-,858.73
2025/05/26,15095,-,846.61
2025/05/27,15056,-,844.73
2025/05/28,15546,-,872.28
2025/05/29,15674,-,885.23
2025/05/30,15502,-,876.65
2025/06/02,15476,-,875.91
2025/06/03,15456,-,875.44
2025/06/04,15672,-,891.44
2025/06/05,15536,-,883.95
2025/06/06,15567,-,885.78
2025/06/09,15853,-,903.69
2025/06/10,15847,-,905.72
2025/06/11,15960,-,912.79
2025/06/12,15826,-,906.65
2025/06/13,15773,-,904.06
2025/06/16,15742,-,903.62
2025/06/17,15964,-,916.77
2025/06/18,15863,-,914.41
2025/06/19,15810,-,911.44
2025/06/20,15857,-,916.22
2025/06/23,15948,-,921.47
2025/06/24,16015,-,929.81
2025/06/25,16120,-,936.24
2025/06/26,16091,-,934.47
2025/06/27,16196,-,942.70
2025/06/30,16307,-,950.02
2025/07/01,16265,-,948.80
2025/07/02,16249,-,949.72
2025/07/03,16319,-,955.39
2025/07/04,16571,-,970.34
2025/07/07,16545,-,969.39
2025/07/08,16607,-,972.98
2025/07/09,16686,-,977.73
2025/07/10,16672,-,976.74
2025/07/11,16808,-,984.93
2025/07/14,16794,-,985.59
2025/07/15,16894,-,991.85
2025/07/16,16984,-,997.59
2025/07/17,16976,-,1000.27
2025/07/18,17088,-,1007.23
2025/07/22,16971,-,1001.21
2025/07/23,16868,-,995.16
2025/07/24,17002,-,1007.18
2025/07/25,17121,-,1014.50
2025/07/28,17231,-,1020.93
2025/07/29,17323,-,1028.28
2025/07/30,17239,-,1025.53
2025/07/31,17350,-,1029.01
2025/08/01,17449,-,1034.96
2025/08/04,16812,-,998.54
2025/08/05,16984,-,1011.50
2025/08/06,16976,-,1011.31
2025/08/07,17104,-,1020.25
2025/08/08,17044,-,1020.45
2025/08/12,17276,-,1035.24
2025/08/13,17399,-,1044.18
2025/08/14,17320,-,1042.08
2025/08/15,17440,-,1049.38
2025/08/18,17375,-,1045.12
2025/08/19,17421,-,1051.21
2025/08/20,17300,-,1045.18
2025/08/21,17231,-,1041.95
2025/08/22,17284,-,1048.41
2025/08/25,17419,-,1058.66
2025/08/26,17311,-,1052.95
2025/08/27,17430,-,1063.50
2025/08/28,17456,-,1066.27
2025/08/29,17452,-,1067.22
2025/09/01,17384,-,1064.21
2025/09/02,17392,-,1065.59
2025/09/03,17444,-,1068.80
2025/09/04,17443,-,1072.92
2025/09/05,17617,-,1083.52
2025/09/08,17589,-,1082.39
2025/09/09,17496,-,1077.13
2025/09/10,17562,-,1082.77
2025/09/11,17619,-,1083.45
2025/09/12,17738,-,1092.95
2025/09/16,17845,-,1101.54
2025/09/17,17704,-,1093.74
2025/09/18,17738,-,1099.77
2025/09/19,17953,-,1113.57
2025/09/22,18071,-,1122.74
2025/09/24,17998,-,1119.43
2025/09/25,18058,-,1127.85
2025/09/26,18091,-,1130.66
2025/09/29,18127,-,1135.64
2025/09/30,18135,-,1140.92
2025/10/01,18123,-,1143.03
2025/10/02,18066,-,1141.11
2025/10/03,18103,-,1145.50
2025/10/06,18398,-,1164.99
2025/10/07,18551,-,1175.40
2025/10/08,18706,-,1186.68
2025/10/09,18868,-,1197.04
2025/10/10,18860,-,1197.29
2025/10/14,18564,-,1174.63
2025/10/15,18436,-,1169.37
2025/10/16,18396,-,1168.61
2025/10/17,18214,-,1160.52
2025/10/20,18410,-,1174.46
2025/10/21,18552,-,1185.15
2025/10/22,18694,-,1201.66
2025/10/23,18662,-,1200.47
2025/10/24,18824,-,1211.14
2025/10/27,19012,-,1223.90
2025/10/28,19191,-,1236.33
2025/10/29,19113,-,1236.60
2025/10/30,19263,-,1246.82
2025/10/31,19234,-,1245.70
2025/11/04,19355,-,1253.96
2025/11/05,19018,-,1233.73
2025/11/06,19156,-,1246.95
2025/11/07,18844,-,1229.05
2025/11/10,18954,-,1239.12
2025/11/11,19302,-,1263.08
2025/11/12,19332,-,1268.54
2025/11/13,19439,-,1276.47
2025/11/14,19081,-,1250.07
2025/11/17,19071,-,1249.61
2025/11/18,18976,-,1243.94
2025/11/19,18845,-,1239.75
2025/11/20,19129,-,1259.73
2025/11/21,18858,-,1240.39
2025/11/25,19262,-,1272.10
2025/11/26,19376,-,1280.72
2025/11/27,19452,-,1289.67
2025/11/28,19541,-,1296.80
2025/12/01,19551,-,1297.46
2025/12/02,19428,-,1291.87
2025/12/03,19494,-,1301.00
2025/12/04,19485,-,1304.41
2025/12/05,19484,-,1304.87
2025/12/08,19539,-,1309.01
2025/12/09,19572,-,1314.98
2025/12/10,19661,-,1321.73
2025/12/11,19667,-,1322.60
2025/12/12,19688,-,1326.70
2025/12/15,19518,-,1315.94
2025/12/16,19377,-,1306.44
2025/12/17,19277,-,1305.35
2025/12/18,19168,-,1299.03
2025/12/19,19350,-,1312.00
2025/12/22,19742,-,1339.27
2025/12/23,19760,-,1341.42
2025/12/24,19783,-,1348.84
2025/12/25,19809,-,1350.68
2025/12/26,19883,-,1356.05
2025/12/29,19874,-,1355.39
2025/12/30,19816,-,1356.19
2026/01/05,19778,-,1355.98
2026/01/06,19830,-,1360.44
2026/01/07,19947,-,1375.04
2026/01/08,19903,-,1375.82
2026/01/09,19940,-,1379.63
2026/01/13,20250,-,1402.19
2026/01/14,20336,-,1409.68
2026/01/15,20142,-,1400.94
2026/01/16,20218,-,1406.20
2026/01/19,20051,-,1395.10
2026/01/20,20132,-,1402.36
2026/01/21,19725,-,1373.99
2026/01/22,19956,-,1398.09
2026/01/23,20110,-,1410.61
2026/01/26,19640,-,1379.00
2026/01/27,19672,-,1382.61
2026/01/28,19514,-,1376.78
2026/01/29,19600,-,1384.93
2026/01/30,19640,-,1389.81
2026/02/02,19764,-,1401.36
2026/02/03,19911,-,1412.19
2026/02/04,19803,-,1409.20
2026/02/05,19800,-,1409.57
2026/02/06,19553,-,1392.40
2026/02/09,19957,-,1422.60
2026/02/10,19951,-,1422.80
2026/02/12,19524,-,1394.37
2026/02/13,19173,-,1371.83
2026/02/16,19202,-,1374.52
2026/02/17,19233,-,1378.30
2026/02/18,19243,-,1379.02
2026/02/19,19546,-,1407.47
2026/02/20,19539,-,1407.79
2026/02/24,19435,-,1401.05
2026/02/25,19707,-,1425.58
2026/02/26,19910,-,1442.40
2026/02/27,19758,-,1433.67
2026/03/02,19766,-,1435.09
2026/03/03,19897,-,1446.51
2026/03/04,19734,-,1439.29
2026/03/05,19749,-,1439.84
2026/03/06,19745,-,1437.83
2026/03/09,19641,-,1431.27
2026/03/10,19684,-,1435.65
2026/03/11,19707,-,1437.89
2026/03/12,19798,-,1446.78
